ID,Description,setSize,enrichmentScore,NES,pvalue,p.adjust,qvalue,rank,leading_edge,core_enrichment,fold_enrichment,ci_lower,ci_upper
hsa05033,Nicotine addiction,38,0.7752774982683258,2.5630224832152972,1e-10,8.725e-9,5.2894736842105265e-9,1686,"tags=53%, list=9%, signal=48%",GABRB1/GABRG2/GRIN1/GABRD/GABRA2/GABRA3/GABRG1/SLC32A1/GABRA4/GABRG3/GRIN2B/GRIA1/CHRNB2/GABRB3/GABRA1/SLC17A8/CHRFAM7A/GABRB2/CACNA1B/GABRA5,2.5630224832152972,NA,NA
hsa04080,Neuroactive ligand-receptor interaction,281,0.49737475974587075,2.272208908017999,1e-10,8.725e-9,5.2894736842105265e-9,4153,"tags=43%, list=22%, signal=34%",EDNRB/P2RY14/GABRB1/VGF/GABRG2/CRH/CALCRL/TACR1/P2RY13/GRIN1/GABRD/PENK/GABRA2/NPFFR1/CYSLTR1/PRSS3/LPAR4/GABRA3/OPRM1/GABRG1/PTH2R/QRFP/GNRHR/ADORA2A/PRLR/HTR2B/GABRA4/GABRG3/TSHR/GRIN2B/PAQR6/HCRTR2/GRIK2/ADRB1/GRIA1/CHRNB2/PTAFR/CHRM1/PDYN/GRIK1/GABRB3/NTSR2/GABRA1/TAC1/TAC3/ADRB2/PATE1/PATE2/GRM7/OPRL1/FSHR/OPRK1/GRM5/CHRM3/S1PR1/GRM4/SSTR1/CHRFAM7A/GABRB2/CALCR/UTS2/C3/P2RY1/GRM3/GABRA5/P2RY6/HTR6/PTGFR/GRM1/GLRA3/GABBR1/DRD1/ADCYAP1R1/GHRHR/LYPD6/TRH/HTR1E/CNR1/HTR4/CHRM2/NMUR2/PATE4/GLRA2/GABBR2/VIP/TACR2/GRM8/P2RY10/GABRQ/F2R/GLRA1/CHRNA3/ADRA2C/GZMA/GHR/LPAR6/RXFP1/FPR3/NPY1R/APELA/GALP/OPRD1/HTR2A/ADRA1B/LPAR2/PLG/PNOC/PTGDR/ADRA1D/HTR1F/CRHR2/CCKBR/CHRNB3/IAPP/HTR2C/SCTR/NTSR1/GPR156/CHRNG/LEPR/SSTR2/NPSR1,2.272208908017999,NA,NA
hsa04120,Ubiquitin mediated proteolysis,139,-0.5722188958555272,-2.2340974784389815,1e-10,8.725e-9,5.2894736842105265e-9,5444,"tags=65%, list=29%, signal=46%",PIAS4/ERCC8/CDC34/PPIL2/PIAS1/TRIM37/ANAPC4/FZR1/HERC1/PML/BIRC3/COP1/ANAPC13/VHL/UBE2E2/CDC16/RHOBTB1/SKP2/KLHL9/UBE2W/BIRC2/ANAPC7/KEAP1/UBE2Q2/BRCA1/UBE2N/UBE2H/KLHL13/DDB2/ELOC/SAE1/PIAS2/DDB1/UBE2J2/FBXW11/CDC26/CUL5/UBE2D2/RCHY1/ANAPC1/XIAP/WWP2/UBE3B/UBE2I/UBA1/SIAH1/MGRN1/UBE2L3/CUL2/UBE2J1/NEDD4L/CDC27/UBE4A/ANAPC10/UBC/UBA3/UBE3C/UBOX5/BIRC6/HERC3/HUWE1/UBR5/ANAPC16/FBXW8/UBE2K/CUL3/UBE2G2/UBE3A/ITCH/TRIP12/UBE2G1/UBE2R2/HERC4/UBE2E1/UBA6/FBXW7/TRAF6/FANCL/UBE2Z/UBE2D1/UBA2/UBE2B/SOCS3/SMURF1/UBE2O/UBE4B/UBE2D3/CUL1/WWP1/CUL4A,-2.2340974784389815,NA,NA
hsa04141,Protein processing in endoplasmic reticulum,164,-0.5449295928256773,-2.164744546487419,1e-10,8.725e-9,5.2894736842105265e-9,4314,"tags=45%, list=23%, signal=35%",HSPA4L/SEC61G/PLAA/STT3B/MAPK9/MAN1A2/SEC61A1/SEC24B/HSP90AB1/UGGT2/TRAM1/UBE2J2/FBXO6/MAGT1/PDIA6/UBE2D2/SEC23B/NGLY1/RAD23B/CRYAB/PRKCSH/PDIA3/SSR1/DERL1/RNF185/UGGT1/SSR3/MAN1C1/UBXN4/HSPA6/P4HB/PDIA4/SEC63/DERL2/BCL2/UBE2J1/NPLOC4/UFD1/SAR1A/DNAJC5/DNAJC3/UBQLN2/UBXN2A/HSP90AA1/UBE2G2/XBP1/UBE2G1/EDEM3/EIF2AK3/DNAJA1/SEC24A/EIF2S1/UBQLN1/UBE2D1/EDEM2/SEC23A/DNAJB2/YOD1/ATF6/SEC24D/EDEM1/UBE4B/SEC31A/UBE2D3/CUL1/NFE2L2/DNAJC1/HSPA1B/PPP1R15A/HSPA1A/HSPH1/ERO1A/RRBP1/DNAJB1,-2.164744546487419,NA,NA
hsa04082,Neuroactive ligand signaling,179,0.4855799561369851,2.1223840398873146,1.8730049379035767e-10,1.3073574466566965e-8,7.925768263549871e-9,2421,"tags=36%, list=13%, signal=31%",P2RY14/GABRB1/GABRG2/TACR1/P2RY13/GRIN1/P2RY12/GABRD/PENK/GABRA2/PRKCG/GABRA3/OPRM1/GABRG1/SLC1A2/PLCB1/SLC32A1/ADORA2A/GNG3/HTR2B/GABRA4/GABRG3/GRIN2B/GRIK2/ADRB1/GRIA1/CHRNB2/CHRM1/PDYN/GRIK1/GABRB3/GNAL/SLC1A6/GABRA1/TAC1/TAC3/ADRB2/GRM7/OPRL1/OPRK1/GRM5/SLC17A8/CHRM3/GRM4/CHRFAM7A/GABRB2/P2RY1/GRM3/GABRA5/P2RY6/HTR6/GRM1/GLRA3/CHAT/GABBR1/DRD1/HTR1E/HTR4/PLCB4/GNB4/CHRM2/GABBR2/PLCB2/TACR2,2.1223840398873146,NA,NA
hsa05131,Shigellosis,217,-0.4734925269325285,-1.9220027471895473,5.698153003494956e-9,3.314425663699566e-7,2.0093486907061162e-7,4785,"tags=45%, list=25%, signal=34%",CAPNS1/AKT1/RHOA/ELMO2/TNFRSF1A/MYL12A/BECN1/RRAGB/NFKBIB/ATG16L1/MTOR/MAPK9/ITGA5/ITGB1/UBE2N/MAPK1/CYCS/GSK3A/RPS6KA5/MAP1LC3A/SEPTIN7/CRK/TBK1/ARPC1A/ROCK1/SQSTM1/UBE2V2/IKBKB/PPID/FBXW11/PLCD4/RNF31/SEPTIN8/TNF/UBE2D2/CHUK/MAP1LC3B/AKT2/ACTB/SEPTIN12/WASL/MAPK13/TNIP1/TRADD/TAB2/CRKL/SEPTIN9/MALT1/ARPC2/ARPC5/BCL2/PIK3C3/GSK3B/ARHGEF2/PIK3R4/ATG5/TAB3/UBC/SEPTIN2/NAIP/FOXO1/UBE2V1/CD44/RIPK2/NFKB1/MAPK14/RIPK1/HK1/RPS6KB1/MAP3K7/TRAF6/CASP4/RRAGD/CASP1/CYTH1/RELA/UBE2D1/CTTN/ACTR3/ACTN4/CD14/NFKBIA/PTK2/JUN/CALCOCO2/RPTOR/UBE2D3/CUL1/TIFA/BCL2L1/BCAR1/BNIP3/CAST/HK2/PXN/IL1B/ELMO1/DOCK1,-1.9220027471895473,NA,NA
hsa05203,Viral carcinogenesis,161,-0.5056512752194741,-2.0072017602014642,1.1998945393184035e-8,5.982331346030326e-7,3.626748908315777e-7,4214,"tags=39%, list=22%, signal=30%",LTBR/DNAJA3/MAPK1/CDK6/MAD1L1/IRF7/YWHAQ/GTF2H2/DDB1/SP100/GTF2H2C/CDKN1B/YWHAE/SRF/USP7/IRF9/GTF2B/TRADD/REL/RBL1/HDAC3/MAPKAPK2/ATF2/UBR4/CDKN2A/PKM/GTF2E2/EP300/SCIN/HDAC7/CREB5/HNRNPK/YWHAZ/DDX3X/NFKB2/GSN/GTF2H1/UBE3A/RASA2/NFKB1/TRAF1/STAT5A/POLB/CCNA2/CREB3L2/RELA/CDK2/GRB2/HPN/ACTN4/NFKBIA/SND1/JUN/YWHAG/JAK3/STAT5B/PMAIP1/CDKN1A/HDAC4/KAT2B/PXN/STAT3,-2.0072017602014642,NA,NA
hsa05132,Salmonella infection,238,-0.4470419934940221,-1.8505916992356777,3.446719982756888e-8,1.5036315924776924e-6,9.115667322817559e-7,5162,"tags=48%, list=27%, signal=35%",RALA/KLC2/ARPC3/GAPDH/ROCK2/ACTR1B/CDC42/BIRC3/TUBB4B/PLEKHM2/RPS3/TXN/RAB5C/DYNLL2/AKT1/TUBB6/RHOA/ELMO2/FBXO22/TNFRSF1A/MYL12A/FHOD1/IRAK4/BIRC2/PAK1/DYNC1I2/MAPK9/DYNLT3/MAPK1/CYCS/RRAS/HSP90AB1/DCTN5/RAB5B/RAB9A/CTNNB1/ARPC1A/MAP2K1/DCTN1/TNFRSF10B/IKBKB/ACTR1A/NCKAP1/TUBB/TNF/DYNC1H1/CHUK/AKT2/ACTB/WASL/MAPK13/TRADD/TAB2/ANXA2/DYNC1LI2/MYC/TUBA1B/ARPC2/ARPC5/DCTN4/VPS16/LY96/BCL2/ARL8B/PIK3C3/CASP5/VPS41/RAB5A/TAB3/KPNA4/NAIP/HSP90AA1/TNFRSF10A/ACBD3/RIPK2/NFKB1/MAPK14/RIPK1/RAF1/ARL8A/TUBA1A/MAP3K7/FLNA/TRAF6/TUBB4A/CASP4/KIF5B/RAB7A/DNM2/EXOC5/CASP1/CYTH1/RELA/ACTR3/RHOB/CD14/DYNC1I1/CASP7/KIF5C/NFKBIA/PLEKHM1/KLC1/MYO6/MAP2K3/JUN/KPNA3/FOS/MAP2K4/PIK3C2B/SNX9/TLR2/IL1B/MLKL/ELMO1,-1.8505916992356777,NA,NA
hsa05417,Lipid and atherosclerosis,189,-0.450886104574854,-1.8173825835506456,6.728578173962142e-7,2.6091930919030973e-5,1.5818060970367142e-5,3808,"tags=35%, list=20%, signal=28%",IRF7/TBK1/PPP3CC/TNFRSF10B/IKBKB/SOD2/CALM1/CASP9/TNF/CHUK/AKT2/RAP1B/APAF1/PRKCA/CYP2J2/VLDLR/MAPK13/TAB2/TANK/HSPA6/LY96/BCL2/GSK3B/NFATC3/TICAM2/NCF2/LDLR/MIB1/HSP90AA1/TNFRSF10A/XBP1/NFKB1/MAPK14/ICAM1/EIF2AK3/CCL3/IKBKE/CCL2/MAP3K7/EIF2S1/CALM2/TRAF6/CASP1/RELA/PPARG/CD14/CASP7/ATF6/NFKBIA/PTK2/HSPD1/MAP2K3/JUN/CAMK2D/RAP1A/FOS/BCL2L1/NFE2L2/MAP2K4/HSPA1B/HSPA1A/ERO1A/CALML6/TLR2/IL1B/STAT3,-1.8173825835506456,NA,NA
hsa03015,mRNA surveillance pathway,92,-0.5396977601948838,-1.9968067034363908,1.0571430182973043e-6,3.689429133857592e-5,2.236692070292191e-5,4083,"tags=41%, list=22%, signal=32%",WDR82/SYMPK/NXF2B/PPP2R5C/GSPT1/PPP1CC/PPP2R5B/SMG6/SRRM1/PPP2R5A/PPP2R1A/CPSF4/PCF11/SMG1/CSTF3/DDX39B/PPP2CA/SMG7/SMG5/WDR33/PAPOLG/PPP2CB/BCL2L2-PABPN1/PPP2R1B/CASC3/PPP2R3A/CPSF6/PPP2R2D/ETF1/PAPOLA/NUDT21/PPP2R5E/RNGTT/PPP2R3C/HBS1L/PPP1CB/DAZAP1/PPP2R2A,-1.9968067034363908,NA,NA
hsa03013,Nucleocytoplasmic transport,105,-0.5272118555590656,-1.9753120276056737,1.5680424498361744e-6,4.8713660972450905e-5,2.9532335561642683e-5,4558,"tags=48%, list=24%, signal=36%",NUP155/NDC1/KPNB1/XPOT/IPO13/XPO7/NXF2B/NUP54/TMEM33/NUP35/SENP2/THOC2/THOC1/NUP93/SRRM1/NUP107/XPO5/XPO4/UBE2I/DDX39B/NUP210L/RANGAP1/KPNA6/XPO6/NUP133/NUP85/POM121/CASC3/SEH1L/KPNA4/IPO11/XPO1/IPO8/IPO9/TPR/TNPO3/IPO5/IPO7/TNPO1/POM121C/RANBP2/AHCTF1/NUP160/NUP153/NUP188/NUP98/NUP214/NUP58/KPNA3/NUP205,-1.9753120276056737,NA,NA
hsa04144,Endocytosis,242,-0.4218696311967672,-1.7508158851763709,1.6749682855857045e-6,4.8713660972450905e-5,2.9532335561642683e-5,5230,"tags=43%, list=28%, signal=32%",HSPA1L/AGAP3/EPS15L1/IQSEC1/ARPC3/ARF4/PML/CDC42/VPS4A/CHMP6/AP2S1/CAV1/SMAD2/RUFY2/WIPF2/RAB5C/CXCR4/RHOA/VPS36/ARFGEF1/PDCD6IP/PSD2/PLD1/CAPZA1/PARD6B/RAB5B/AGAP5/SH3GLB2/ARPC1A/SNX1/GIT2/IST1/RAB8A/VPS37A/ARFGAP1/SH3GL3/SNF8/SNX6/CHMP2B/RAB11FIP5/AP2B1/WASL/EHD3/SNX4/RAB4A/ASAP3/SNX3/PARD6G/HSPA6/ARPC2/RAB11FIP3/HGS/ARPC5/EHD4/AP2A2/NEDD4L/STAM2/VTA1/SH3GLB1/STAM/RAB5A/SH3GL1/LDLR/PIP5K1A/ITCH/WASHC4/AP2A1/CLTA/RAB22A/GRK4/TRAF6/EPS15/KIF5B/RAB7A/MVB12B/GIT1/ARRB1/DNM2/GBF1/CYTH1/TGFBR1/ACTR3/ARAP3/AGAP1/CLTC/DNAJC6/BIN1/KIF5C/SMURF1/ARAP2/PRKCZ/IGF2R/GRK7/EEA1/RAB11FIP2/DNM3/RAB10/FGFR2/ARFGAP3/WWP1/TFRC/WIPF1/HSPA1B/HSPA1A/RAB11FIP4,-1.7508158851763709,NA,NA
hsa04137,Mitophagy - animal,99,-0.5218824073898611,-1.9510142356585212,2.2281579607490114e-6,5.1841808553427e-5,3.14287543937229e-5,5217,"tags=47%, list=28%, signal=34%",CCZ1/AMFR/NBR1/TP53/TOMM40L/CSNK2A2/RAB5C/MFN1/MTX2/BECN1/RRAS2/RABGEF1/MAPK9/RRAS/MAP1LC3A/RAB5B/TBK1/RHOT1/SQSTM1/MAP1LC3B/USP30/SIAH1/TBC1D15/RAB5A/UBC/BCL2L13/HUWE1/TOMM40/ARIH1/SP1/OPA1/TFE3/EIF2AK3/EIF2S1/RAB7A/USP15/RELA/CSNK2A1/SMURF1/JUN/CALCOCO2/TFEB/AMBRA1/BCL2L1/HIF1A/BNIP3L/BNIP3,-1.9510142356585212,NA,NA
hsa04140,Autophagy - animal,159,-0.476759858301987,-1.8892147357876092,2.1964380931949165e-6,5.1841808553427e-5,3.14287543937229e-5,4724,"tags=45%, list=25%, signal=34%",AKT1/ATG10/ATG4A/TP53INP2/BECN1/CTSD/ZFYVE1/RRAGB/RRAS2/ATG16L1/MTOR/CTSB/MAPK9/STX17/MAPK1/RRAS/MAP1LC3A/ATG3/TBK1/MAP2K1/SQSTM1/RAB8A/C9orf72/RUBCN/EPG5/MAP1LC3B/LAMP1/AKT2/RAB39B/EIF2AK4/IRS2/SUPT20H/LAMP2/PPP2CA/TANK/ATG13/UVRAG/VPS16/BCL2/PIK3C3/ATG2B/PIK3R4/ATG5/SH3GLB1/PPP2CB/VPS41/UBC/PTEN/BIRC6/RAF1/EIF2AK3/RPS6KB1/MAP3K7/EIF2S1/TRAF6/RAB7A/RRAGD/VMP1/WDR45B/PLEKHM1/RAB1A/ATG4B/WDR41/CALCOCO2/RPTOR/AMBRA1/DDIT4/BCL2L1/HIF1A/BNIP3/WDFY3,-1.8892147357876092,NA,NA
hsa05169,Epstein-Barr virus infection,182,-0.44304999189537647,-1.775160190746457,1.9454543614897458e-6,5.1841808553427e-5,3.14287543937229e-5,4555,"tags=39%, list=24%, signal=30%",SKP2/NFKBIB/IRAK4/SIN3A/PSMC6/HLA-DQA1/MAPK9/IFNAR1/CYCS/DDB2/CDK6/PSMD12/IRF7/TBK1/PSMC2/PSMD3/PSMD1/MAVS/HLA-DOB/SEM1/IKBKB/CDKN1B/CASP9/STAT2/TNF/TAPBP/CHUK/PDIA3/AKT2/USP7/APAF1/MAPK13/IRF9/TRADD/TAB2/GADD45A/HLA-DRB1/TAP2/PSMD13/MYC/MAP3K14/BCL2/CD58/CR2/PSMD11/NFKB2/CD44/NFKB1/MAPK14/RIPK1/ICAM1/NCOR2/IKBKE/STAT1/MAP3K7/TRAF6/CCNA2/RELA/CDK2/POLK/NFKBIA/TAP1/MAP2K3/JUN/JAK3/CDKN1A/MAP2K4/TLR2/GADD45B/IFNAR2/STAT3,-1.775160190746457,NA,NA
hsa05163,Human cytomegalovirus infection,204,-0.432046746290577,-1.7515324729585309,2.560233571967858e-6,5.58450947885489e-5,3.385572026089075e-5,3921,"tags=35%, list=21%, signal=28%",CDK6/GNAQ/PTGER4/CRK/CTNNB1/TBK1/GNB2/ROCK1/MAP2K1/PPP3CC/IKBKB/GNG10/CALM1/CASP9/TNF/TAPBP/GNAI2/CHUK/PDIA3/AKT2/RAC2/PRKCA/CCR1/MAPK13/TRADD/TAP2/CRKL/MYC/ADCY5/ATF2/GNG7/CDKN2A/GSK3B/ITGAV/GNB1/NFATC3/ADCY9/SOS1/GNAI3/GNA13/CREB5/CCL4/SP1/NFKB1/MAPK14/RIPK1/RAF1/CCL3/RPS6KB1/CCL2/CALM2/GNA12/CREB3L2/RELA/GRB2/IL10RB/ADCY3/EIF4EBP1/NFKBIA/PTK2/TAP1/CDKN1A/ITGB3/BCAR1/GNAI1/GNB3/CALML6/GNAO1/PXN/VEGFA/IL1B/STAT3,-1.7515324729585309,NA,NA
hsa05161,Hepatitis B,147,-0.4690040546404814,-1.8363869113665539,3.285003140137631e-6,6.743918211223725e-5,4.0884559205428095e-5,4126,"tags=38%, list=22%, signal=30%",MAPK1/IFNAR1/CYCS/DDB2/IRF7/TBK1/YWHAQ/MAP2K1/MAVS/DDB1/IKBKB/BRAF/CASP9/STAT2/TNF/CHUK/AKT2/APAF1/PRKCA/MAPK13/TAB2/MYC/ATF2/BCL2/NFATC3/EP300/TICAM2/SOS1/CREB5/YWHAZ/DDX3X/NFKB1/MAPK14/RAF1/IKBKE/STAT1/STAT5A/MAP3K7/TRAF6/CCNA2/CREB3L2/RELA/CDK2/TGFBR1/GRB2/NFKBIA/TGFB3/MAP2K3/JUN/JAK3/STAT5B/FOS/CDKN1A/MAP2K4/TLR2/STAT3,-1.8363869113665539,NA,NA
hsa05162,Measles,119,-0.4967208988401391,-1.8943370146935778,3.6832039180624998e-6,7.141323152243403e-5,4.329380044038377e-5,4094,"tags=41%, list=22%, signal=32%",IFNAR1/CYCS/CDK6/RAB9A/IRF7/TBK1/MAVS/IKBKB/CDKN1B/CASP9/STAT2/RCHY1/CHUK/AKT2/APAF1/EIF2AK4/IRF9/TRADD/TAB2/HSPA6/ADAR/BCL2/GSK3B/NFKB1/EIF2AK3/IKBKE/STAT1/STAT5A/MAP3K7/EIF2S1/TRAF6/IL1A/RELA/CDK2/EIF3H/CSNK2A1/NFKBIA/JUN/JAK3/STAT5B/MSN/FOS/BCL2L1/HSPA1B/HSPA1A/TLR2/IL1B/IFNAR2/STAT3,-1.8943370146935778,NA,NA
hsa03018,RNA degradation,74,-0.5579745625927286,-1.9857563072225273,4.68734982839491e-6,8.60992152689381e-5,5.2197081191544436e-5,3766,"tags=42%, list=20%, signal=34%",CNOT1/PNPT1/EXOSC1/LSM2/LSM8/EDC4/DDX6/EXOSC9/DIS3/TENT4B/PFKP/EXOSC2/DCP1A/CNOT10/EXOSC3/CNOT9/XRN1/DHX36/CNOT4/PATL1/BTG3/XRN2/ZCCHC7/PFKL/ENO2/HSPA9/HSPD1/BTG2/ENO1/CNOT2/TOB2,-1.9857563072225273,NA,NA
hsa04668,TNF signaling pathway,110,-0.49855231571404696,-1.882739972091937,5.537959498477828e-6,9.663739324843809e-5,5.8585782062844385e-5,4736,"tags=46%, list=25%, signal=35%",SELE/AKT1/CEBPB/TNFRSF1A/TNFRSF1B/RHBDF1/BIRC2/MAPK9/MAPK1/RPS6KA5/RHBDF2/MAP2K1/IKBKB/TNF/CHUK/AKT2/MAPK13/TRADD/TAB2/XIAP/ATF2/MAP3K14/TAB3/CREB5/ITCH/NFKB1/MAPK14/RIPK1/ICAM1/TRAF1/MAP3K8/CCL2/MAP3K7/CREB3L2/RELA/CSF1/JUNB/SOCS3/CASP7/NFKBIA/IRF1/MAP2K3/JUN/BCL3/VEGFD/NOD2/FOS/MAP2K4/FRMD8/IL1B/MLKL,-1.882739972091937,NA,NA
hsa05170,Human immunodeficiency virus 1 infection,190,-0.4337269262637424,-1.7459659385391106,7.098466703731126e-6,1.1796975617153158e-4,7.151838633834367e-5,4738,"tags=41%, list=25%, signal=31%",DCAF1/AKT1/CXCR4/TNFRSF1A/TNFRSF1B/GNG5/IRAK4/PAK1/MTOR/MAPK9/MAPK1/CYCS/GNAQ/ELOC/CRK/TBK1/GNB2/CFL2/MAP2K1/PPP3CC/DDB1/IKBKB/GNG10/CALM1/FBXW11/CASP9/CUL5/TNF/TAPBP/GNAI2/CHUK/PDIA3/AKT2/RAC2/PRKCA/MAPK13/TRADD/TAB2/APOBEC3H/TAP2/CRKL/GNG7/BCL2/GNB1/NFATC3/GNAI3/AP1S3/ATR/NFKB1/MAPK14/RIPK1/RAF1/PAK4/RPS6KB1/MAP3K7/AP1G1/CALM2/TRAF6/RELA/SAMHD1/NFKBIA/PTK2/LIMK2/TAP1/MAP2K3/JUN/CUL1/FOS/BCL2L1/CUL4A/GNAI1/GNB3/CALML6/GNAO1/TLR2/PXN/PAK2,-1.7459659385391106,NA,NA
hsa03040,Spliceosome,127,-0.4741036040316141,-1.8332433652110365,9.426746310273523e-6,1.4954247555842997e-4,9.065913915621905e-5,5861,"tags=43%, list=31%, signal=30%",RBM8A/PRPF6/PRPF4/U2AF2/EIF4A3/SRSF3/PRPF8/PCBP1/CHERP/CDC40/CCDC12/HSPA1L/MAGOH/RP9/SRSF8/RBM17/HNRNPM/DDX46/SNRPA/SF3A3/SART1/SF3B1/CTNNBL1/LSM2/TRA2A/THOC2/THOC1/SF3A2/LSM8/U2SURP/SF3A1/DDX39B/SF3B3/HSPA6/AQR/SRSF1/SF3B2/EFTUD2/PPIE/PRPF40A/HNRNPC/DHX15/BCAS2/SNRNP40/RBM25/HNRNPK/PRPF38A/DDX42/TXNL4A/TCERG1/DHX8/HNRNPU/TRA2B/HSPA1B/HSPA1A,-1.8332433652110365,NA,NA
hsa04380,Osteoclast differentiation,126,-0.4618905679719759,-1.7839318171842968,1.7181465849821348e-5,2.6071006876468046e-4,1.5805375907615977e-4,3688,"tags=37%, list=20%, signal=30%",MAP2K1/PPP3CC/SQSTM1/IKBKB/OSCAR/STAT2/TNF/FOSB/CHUK/AKT2/ATP2A2/MAPK13/IRF9/TAB2/FOSL2/MAP3K14/FYN/NCF2/FOSL1/NFKB2/JUND/NFKB1/MAPK14/FCGR3B/FCGR1A/STAT1/MAP3K7/FCGR3A/TRAF6/IL1A/RELA/PPARG/CSF1/TGFBR1/GRB2/JUNB/FCGR2A/LILRB3/SOCS3/NFKBIA/JUN/TMEM64/FOS/ITGB3/IL1B/IFNAR2,-1.7839318171842968,NA,NA
hsa04210,Apoptosis,129,-0.46545176903680374,-1.7998799227231645,1.8305156801093606e-5,2.6618748848256953e-4,1.6137440864121995e-4,4725,"tags=41%, list=25%, signal=31%",PARP1/AKT1/TNFRSF1A/CTSD/BIRC2/ENDOG/CTSB/MAPK9/DFFA/MAPK1/CYCS/NGF/AIFM1/LMNB2/MAP2K1/TNFRSF10B/IKBKB/CASP9/TNF/CHUK/AKT2/ACTB/APAF1/TRADD/XIAP/GADD45A/TUBA1B/MAP3K14/BCL2/NOL3/TNFRSF10A/PARP4/NFKB1/RIPK1/RAF1/TRAF1/TUBA1A/EIF2AK3/EIF2S1/CASP2/RELA/LMNB1/CASP7/NFKBIA/JUN/MCL1/PMAIP1/BCL2A1/FOS/BCL2L1/PTPN13/LMNA/GADD45B,-1.7998799227231645,NA,NA
hsa05220,Chronic myeloid leukemia,76,-0.5324300434164401,-1.9109650040464046,2.1354522544127742e-5,2.86643398765407e-4,1.737756692862217e-4,5209,"tags=51%, list=28%, signal=37%",SHC4/CDK4/TP53/SHC1/CTBP1/GAB2/AKT1/ABL1/MAPK1/DDB2/CDK6/CRK/MAP2K1/IKBKB/CDKN1B/BRAF/CHUK/AKT2/GADD45A/CRKL/MYC/CDKN2A/SOS1/NFKB1/RAF1/STAT5A/RELA/TGFBR1/POLK/GRB2/NFKBIA/TGFB3/PTPN11/RUNX1/STAT5B/BCL2L1/CDKN1A/SHC2/GADD45B,-1.9109650040464046,NA,NA
hsa04621,NOD-like receptor signaling pathway,156,-0.4419290003936308,-1.7473940969365311,2.077338231244867e-5,2.86643398765407e-4,1.737756692862217e-4,4487,"tags=42%, list=24%, signal=32%",NFKBIB/IRAK4/ATG16L1/BIRC2/NLRP12/CTSB/MAPK9/CARD18/CARD16/MAPK1/IFNAR1/HSP90AB1/MAP1LC3A/IRF7/TBK1/MAVS/BRCC3/IKBKB/RNF31/STAT2/TNF/PANX1/YWHAE/CHUK/MAP1LC3B/AIM2/MAPK13/IRF9/TAB2/XIAP/TANK/MEFV/BCL2/CASP5/ATG5/TAB3/TRPM7/NAIP/DHX33/HSP90AA1/SUGT1/RIPK2/NFKB1/MAPK14/RIPK1/GBP1/MCU/IKBKE/STAT1/IFI16/CCL2/MAP3K7/TRAF6/CASP4/CASP1/RELA/NFKBIA/JUN/NOD2/BCL2L1/GBP2/IL1B/IFNAR2/NAMPT/ERBIN,-1.7473940969365311,NA,NA
hsa05221,Acute myeloid leukemia,65,-0.5435226361793568,-1.9079973183032257,2.8537388347634e-5,3.688721679008987e-4,2.2362631804578688e-4,3786,"tags=43%, list=20%, signal=35%",RUNX1T1/MAP2K1/IKBKB/BRAF/CHUK/AKT2/MYC/PER2/SOS1/JUP/NFKB1/RAF1/FCGR1A/RPS6KB1/STAT5A/CCNA2/RELA/GRB2/CD14/EIF4EBP1/PPARD/RUNX1/STAT5B/RARA/BCL2A1/PIM1/ZBTB16/STAT3,-1.9079973183032257,NA,NA
hsa04620,Toll-like receptor signaling pathway,90,-0.4949242428036154,-1.8180274299764092,3.576409977867427e-5,4.4577395795561853e-4,2.702475208839672e-4,4259,"tags=41%, list=23%, signal=32%",MAPK9/MAPK1/IFNAR1/IRF7/TBK1/MAP2K1/IKBKB/STAT2/TNF/CHUK/AKT2/MAPK13/IRF9/TAB2/LY96/TICAM2/CCL4/NFKB1/MAPK14/RIPK1/MAP3K8/CCL3/IKBKE/STAT1/MAP3K7/TRAF6/RELA/CD14/NFKBIA/MAP2K3/JUN/FOS/SPP1/MAP2K4/TLR2/IL1B/IFNAR2,-1.8180274299764092,NA,NA
hsa05418,Fluid shear stress and atherosclerosis,127,-0.4575913095468172,-1.7693943371689587,4.6749833070158866e-5,5.626100600512222e-4,3.4107863691840043e-4,3623,"tags=35%, list=19%, signal=28%",SQSTM1/IKBKB/ITGA2B/CALM1/TNF/CHUK/AKT2/ACTB/RAC2/MAPK13/THBD/KDR/BCL2/ITGAV/MAP2K5/ARHGEF2/NCF2/BMPR1A/HSP90AA1/GSTO1/NFKB1/MAPK14/ICAM1/CCL2/MAP3K7/CALM2/TRPV4/IL1A/RELA/GSTA4/PDGFA/PTK2/PRKCZ/JUN/GSTO2/FOS/ITGB3/NFE2L2/MAP2K4/HMOX1/CALML6/VEGFA/IL1B/DUSP1,-1.7693943371689587,NA,NA
hsa05160,Hepatitis C,136,-0.4467564807681909,-1.7397196787713427,5.454197854933758e-5,6.345050171239605e-4,3.846644802953282e-4,4126,"tags=40%, list=22%, signal=32%",MAPK1/IFNAR1/CYCS/CDK6/CTNNB1/IRF7/TBK1/YWHAQ/MAP2K1/MAVS/IKBKB/BRAF/CASP9/STAT2/TNF/YWHAE/PPARA/PPP2R1A/CHUK/AKT2/APAF1/EIF2AK4/IRF9/TRADD/PPP2CA/SCARB1/MYC/GSK3B/PPP2CB/PPP2R1B/SOS1/LDLR/PPP2R2D/YWHAZ/NFKB1/EIF3E/RIPK1/RAF1/EIF2AK3/IKBKE/CLDN15/STAT1/EIF2S1/TRAF6/RELA/CDK2/GRB2/SOCS3/NFKBIA/YWHAG/CDKN1A/PPP2R2A/CLDN11/IFNAR2/STAT3,-1.7397196787713427,NA,NA
hsa04657,IL-17 signaling pathway,71,-0.5316011214022811,-1.880181709485954,7.247860163172523e-5,7.740620343081332e-4,4.692700011941933e-4,4259,"tags=45%, list=23%, signal=35%",MAPK9/MAPK1/HSP90AB1/TBK1/IKBKB/TNF/FOSB/CHUK/S100A9/MAPK13/TRADD/TAB2/IL17RA/SRSF1/GSK3B/ELAVL1/TAB3/HSP90AA1/FOSL1/JUND/NFKB1/MAPK14/IKBKE/CCL2/MAP3K7/TRAF6/RELA/NFKBIA/MAPK6/JUN/FOS/IL1B,-1.880181709485954,NA,NA
hsa05202,Transcriptional misregulation in cancer,153,-0.43354171255311125,-1.7103989815830205,7.319211212655701e-5,7.740620343081332e-4,4.692700011941933e-4,3071,"tags=33%, list=16%, signal=28%",MLLT1/PRCC/GADD45A/REL/SS18/MYC/CCNT2/SUPT3H/ZBTB17/PER2/EWSR1/NR4A3/JUP/ID2/AFF1/FOXO1/SP1/RUNX2/NFKB1/NCOR1/TRAF1/TFE3/FCGR1A/ELK4/TAF15/LMO2/KDM6A/CCNA2/RELA/PPARG/POLK/FUT8/CD14/SLC45A3/PDGFA/PTK2/RUNX1/RARA/BCL2A1/SS18L1/BCL2L1/CDKN1A/JMJD1C/ETV6/BCL6/DOT1L/NFKBIZ/GADD45B/PROM1/ZBTB16,-1.7103989815830205,NA,NA
hsa05166,Human T-cell leukemia virus 1 infection,211,-0.4032245840280356,-1.6401496230930737,7.143845674053869e-5,7.740620343081332e-4,4.692700011941933e-4,4819,"tags=35%, list=26%, signal=26%",SMAD2/ANAPC13/AKT1/CDC16/TNFRSF1A/VAC14/TSPO/ANAPC7/ETS1/HLA-DQA1/MAPK9/LTBR/MAPK1/IL15RA/MAD1L1/CDKN2C/MAP2K1/PPP3CC/HLA-DOB/IKBKB/CDC26/TNF/RANBP3/SRF/CHUK/AKT2/ANAPC1/XIAP/HLA-DRB1/MYC/ADCY5/ATF2/MAP3K14/CDKN2A/NFATC3/EP300/CDC27/BUB3/ADCY9/ANAPC10/PTEN/CREB5/ANAPC16/FOSL1/NFKB2/ATR/XPO1/NFKB1/ICAM1/ELK4/STAT5A/CRTC3/POLB/CCNA2/CREB3L2/RELA/CDK2/TGFBR1/ETS2/SLC2A1/ADCY3/EGR1/NFKBIA/TGFB3/JUN/JAK3/STAT5B/FOS/BCL2L1/CDKN1A/MAP2K4/KAT2B/ZFP36,-1.6401496230930737,NA,NA
hsa04974,Protein digestion and absorption,94,0.4569723220328156,1.823485517745488,9.227656004255195e-5,8.961013630256246e-4,5.432555390383066e-4,2804,"tags=31%, list=15%, signal=26%",ATP1A2/DPP4/COL10A1/COL9A1/SLC8A1/COL5A3/PRSS3/MEP1B/KCNJ13/COL5A2/ATP1A3/CPB2/COL12A1/COL6A1/COL9A2/COL24A1/COL17A1/CTRB2/SLC8A2/COL20A1/SLC7A8/XPNPEP2/COL19A1/COL8A2/SLC7A7/COL9A3/COL28A1/SLC1A1/COL8A1,1.823485517745488,NA,NA
hsa05135,Yersinia infection,134,-0.45336364934052775,-1.756188307878369,9.243452455278649e-5,8.961013630256246e-4,5.432555390383066e-4,4807,"tags=43%, list=26%, signal=32%",WIPF2/AKT1/RHOA/ELMO2/IRAK4/RPS6KA2/MAPK9/ITGA5/ITGB1/MAPK1/LCP2/GNAQ/CRK/TBK1/ARPC1A/ROCK1/MAP2K1/GIT2/IKBKB/TNF/CHUK/AKT2/ACTB/RAC2/WASL/MAPK13/TAB2/CRKL/ARPC2/MEFV/ARPC5/GSK3B/NFATC3/PIP5K1A/NFKB1/MAPK14/RPS6KA3/CCL2/MAP3K7/TRAF6/CASP1/RELA/ACTR3/FCGR2A/NFKBIA/PTK2/MAP2K3/JUN/FOS/BCAR1/ARHGEF7/MAP2K4/WIPF1/PXN/IL1B/ELMO1/DOCK1,-1.756188307878369,NA,NA
hsa05168,Herpes simplex virus 1 infection,161,-0.42739452711044634,-1.696558654468358,8.854883213696759e-5,8.961013630256246e-4,5.432555390383066e-4,5063,"tags=41%, list=27%, signal=30%",TP53/EIF2B5/BST2/PML/BIRC3/POU2F1/TNFSF14/SRSF8/AKT1/TNFRSF1A/IRAK4/BIRC2/MTOR/HLA-DQA1/ITGA5/IFNAR1/CYCS/NXF2B/IRF7/TBK1/MAVS/HLA-DOB/SP100/IKBKB/PPP1CC/CASP9/STAT2/TNF/TAPBP/CHUK/PDIA3/AKT2/APAF1/EIF2AK4/IRF9/HCFC2/TRADD/TAB2/HLA-DRB1/TAP2/EIF2B3/SRSF1/BCL2/PILRB/NFKB1/EIF2AK3/SRPK1/IKBKE/STAT1/CCL2/MAP3K7/EIF2S1/TRAF6/RELA/SOCS3/EIF4EBP1/PPP1CB/NFKBIA/NECTIN2/TAP1/PTPN11/BCL2L1/ITGB3/TLR2/IL1B/IFNAR2,-1.696558654468358,NA,NA
hsa04020,Calcium signaling pathway,232,0.3508676976373391,1.5903413441548488,1.0652059280079821e-4,9.78307549670489e-4,5.930924973119236e-4,4035,"tags=35%, list=21%, signal=28%",FGF20/EDNRB/FGFR3/TRDN/TACR1/GRIN1/SLC8A1/CAMK1G/PDGFRA/PDGFRB/RYR1/CYSLTR1/PRKCG/CAMK1D/PLCZ1/PLCB1/ADORA2A/HTR2B/CAMK4/GRIN2B/MST1/ADRB1/CACNA1D/CAMK2G/PTAFR/CHRM1/GNAL/ADRB2/GRM5/CHRM3/CAMK2B/CHRFAM7A/SLC25A31/CACNA1C/FGF9/PDGFC/CACNA1B/MET/ATP2B2/HTR6/PTGFR/GRM1/DRD1/MYLK4/SLC8A2/RYR3/PLN/HTR4/ITPR2/PLCB4/CHRM2/SLC25A5/MCOLN2/PLCB2/TACR2/CAMK1/F2R/GNA14/PTK2B/HRC/PHKA1/CD38/PDGFB/PDE1B/NOS1/HTR2A/ADRA1B/NFATC4/ATP2A3/ADCY2/CACNA1A/ADCY1/EGFR/ADRA1D/RET/CCKBR/HTR2C/MST1R/CALM3/NTSR1/PPP3CA,1.5903413441548488,NA,NA
hsa04010,MAPK signaling pathway,281,-0.3659810845829065,-1.5457167970814927,1.0619624492120922e-4,9.78307549670489e-4,5.930924973119236e-4,4571,"tags=40%, list=24%, signal=31%",MAPKAPK3/CDC25B/NTRK2/INSR/MAPK8IP3/RRAS2/IRAK4/RPS6KA2/PAK1/FGFR1/MAPK9/MAPK1/RRAS/MAPKAPK5/NGF/RPS6KA5/STK4/CRK/MAP2K1/PPP3CC/MAP3K4/PLA2G4D/IKBKB/TAOK3/BRAF/TNF/NGFR/SRF/PPP5C/CHUK/AKT2/RAC2/RAP1B/FGF22/PRKCA/NF1/PLA2G4B/MAPK13/TRADD/TAB2/GADD45A/MAP3K10/CACNA2D1/CRKL/MYC/MAPKAPK2/RAPGEF2/HSPA6/ATF2/MAP3K14/KDR/NR4A1/MAP4K4/MAP2K5/NLK/TAOK1/FGF1/NFATC3/SOS1/FGF18/EPHA2/MAP3K20/CACNA1E/CACNA2D4/NFKB2/GDNF/ERBB3/RASA2/JUND/DUSP16/NFKB1/MAPK14/RAF1/MAP3K8/RPS6KA3/ELK4/MAP3K7/MAPT/FLNA/TRAF6/IL1A/IL1RAP/ARRB1/GNA12/MAP3K2/RELA/HSPB1/CSF1/TGFBR1/MKNK2/GRB2/MAP4K3/CD14/PDGFA/TGFB3/MAP2K3/JUN/DUSP3/VEGFD/FGFR2/RAP1A/PPM1B/FOS/MAP2K4/HSPA1B/HSPA1A/EFNA1/STK3/VEGFA/IL1B/DUSP1/GADD45B/PAK2,-1.5457167970814927,NA,NA
hsa05134,Legionellosis,54,-0.5642128004534797,-1.904764415802709,1.1291973030265528e-4,0.0010104868173237615,6.126009660144052e-4,3659,"tags=48%, list=19%, signal=39%",CLK4/HSF1/CASP9/TNF/APAF1/HSPA6/SAR1A/BCL2L13/NAIP/SEC22B/NFKB2/NFKB1/CR1/CASP1/RELA/CD14/CASP7/HBS1L/NFKBIA/HSPD1/RAB1A/HSPA1B/BNIP3/HSPA1A/TLR2/IL1B,-1.904764415802709,NA,NA
hsa03083,Polycomb repressive complex,81,-0.5048894152262503,-1.8223352183348192,1.309080877197202e-4,0.0011421730653545586,6.924348850437832e-4,3539,"tags=42%, list=19%, signal=34%",MBD5/USP16/SUZ12/DCAF7/FOXK1/OGT/BMI1/WDR5B/UBE2D2/FBRSL1/USP7/E2F6/RYBP/MGA/EP300/CBX2/ASXL1/FOXK2/ASXL2/PHC3/PCGF3/ASXL3/MTF2/LCOR/UBE2D1/WDR5/KDM2A/PCGF5/AEBP2/UBE2D3/L3MBTL1/PHF19/L3MBTL4/PHC2,-1.8223352183348192,NA,NA
hsa05211,Renal cell carcinoma,68,-0.5131217565596192,-1.803432566363002,1.4366549621588182e-4,0.0012229087360815306,7.413803527443452e-4,4724,"tags=47%, list=25%, signal=35%",AKT1/VHL/ETS1/PAK1/EGLN2/MAPK1/ELOC/CRK/MAP2K1/BRAF/AKT2/RAP1B/PRCC/CRKL/CUL2/EP300/SOS1/RAF1/PAK4/TFE3/GRB2/SLC2A1/GAB1/TGFB3/EGLN1/PTPN11/JUN/RAP1A/CDKN1A/HIF1A/VEGFA/PAK2,-1.803432566363002,NA,NA
hsa04910,Insulin signaling pathway,131,-0.43751842316680817,-1.6965476390146927,1.508334733556969e-4,0.001224206562817168,7.421671516400264e-4,4311,"tags=37%, list=23%, signal=28%",MTOR/PHKB/MAPK9/MAPK1/PRKAG1/CRK/MAP2K1/RPS6/ACACA/IKBKB/BRAF/PPP1CC/CALM1/AKT2/IRS2/CRKL/FASN/GSK3B/SOS1/EIF4E/PRKAB2/LIPE/FOXO1/RAF1/TRIP10/HK1/RPS6KB1/SH2B2/CALM2/MKNK2/GRB2/SOCS3/EIF4EBP1/PPP1CB/SOCS4/FLOT1/PRKCZ/PYGL/RPTOR/PTPN1/GYS1/FLOT2/SHC2/RHOQ/PRKAR2A/HK2/CALML6/PTPRF,-1.6965476390146927,NA,NA
hsa05152,Tuberculosis,155,-0.41696426409395054,-1.645343995541828,1.475366000153185e-4,0.001224206562817168,7.421671516400264e-4,4764,"tags=43%, list=25%, signal=33%",TLR1/RAB5C/ATP6V0D1/AKT1/RHOA/CEBPB/TNFRSF1A/CTSD/IRAK4/HLA-DQA1/MAPK9/MAPK1/CYCS/RAB5B/PPP3CC/HLA-DOB/FCER1G/CALM1/CASP9/TNF/LAMP1/AKT2/ATP6V0A2/APAF1/LSP1/MAPK13/TRADD/LAMP2/HLA-DRB1/KSR1/NFYA/MALT1/BCL2/RFXAP/PIK3C3/NOS2/EP300/RAB5A/PLK3/ATP6V0A1/RIPK2/NFKB1/MAPK14/FCGR3B/RAF1/CR1/FCGR1A/STAT1/FCGR3A/CALM2/TRAF6/IL1A/RAB7A/RELA/IL10RB/FCGR2A/CD14/HSPA9/TGFB3/HSPD1/EEA1/IRAK2/NOD2/CAMK2D/CALML6/TLR2/IL1B,-1.645343995541828,NA,NA
hsa04933,AGE-RAGE signaling pathway in diabetic complications,100,-0.48060426226209796,-1.7983933782755601,1.731310079020539e-4,0.001342727150173707,8.140194757500079e-4,3511,"tags=31%, list=19%, signal=25%",CDKN1B/NOX4/PLCD4/TNF/AKT2/PRKCA/MAPK13/THBD/BCL2/FOXO1/NFKB1/MAPK14/COL4A1/ICAM1/STAT1/STAT5A/CCL2/IL1A/RELA/TGFBR1/EGR1/COL4A2/TGFB3/PRKCZ/JUN/VEGFD/STAT5B/VEGFA/IL1B/PIM1/STAT3,-1.7983933782755601,NA,NA
hsa04110,Cell cycle,155,-0.4149075740494883,-1.6372282817822812,1.7063096752529614e-4,0.001342727150173707,8.140194757500079e-4,5913,"tags=50%, list=31%, signal=35%",CDKN2B/RBX1/E2F3/CDK7/AURKB/FBXO5/CDC6/SMC1A/STAG2/HDAC1/TTK/PRKDC/CDK4/ANAPC4/FZR1/TP53/YWHAB/SMAD2/ANAPC13/ABL1/CDC16/CDC25B/SKP2/ESCO1/ANAPC7/ATRX/ORC3/CDKN2D/CDK6/MAD1L1/PPP2R5C/CDKN2C/YWHAQ/CDKN1B/PPP2R5B/CDC26/YWHAE/PPP2R5A/ORC2/PPP2R1A/MAU2/RAD21/PLK1/MAD2L2/ANAPC1/GADD45A/RBL1/PPP2CA/MYC/ORC5/CDKN2A/ZBTB17/GSK3B/EP300/PPP2CB/CDC27/PPP2R1B/BUB3/ANAPC10/ANAPC16/YWHAZ/ATR/PDS5B/CDC7/WAPL/NIPBL/PPP2R5E/CCNA2/CDK2/CCNH/TGFB3/YWHAG/ORC4/PDS5A/CUL1/CDC14B/CDKN1A/GADD45B,-1.6372282817822812,NA,NA
hsa05212,Pancreatic cancer,76,-0.5023333259258377,-1.80294372581018,2.126584896514792e-4,0.00161326303367961,9.780300701842908e-4,5162,"tags=47%, list=27%, signal=34%",RALA/CDK4/TP53/CDC42/SMAD2/AKT1/RALB/PLD1/MTOR/MAPK9/MAPK1/DDB2/CDK6/MAP2K1/IKBKB/BRAF/CASP9/CHUK/AKT2/RAC2/GADD45A/CDKN2A/NFKB1/RAF1/RPS6KB1/STAT1/RELA/TGFBR1/POLK/TGFB3/BCL2L1/CDKN1A/VEGFA/GADD45B/RALGDS/STAT3,-1.80294372581018,NA,NA
hsa05210,Colorectal cancer,84,-0.48451614107703167,-1.7573716715626182,2.172589185757641e-4,0.00161326303367961,9.780300701842908e-4,4819,"tags=40%, list=26%, signal=30%",SMAD2/AKT1/RHOA/RALB/MTOR/MAPK9/MAPK1/CYCS/DDB2/CTNNB1/MAP2K1/BRAF/CASP9/AKT2/RAC2/GADD45A/MYC/BCL2/GSK3B/SOS1/APPL1/RAF1/RPS6KB1/TGFBR1/POLK/GRB2/TGFB3/JUN/PMAIP1/FOS/CDKN1A/APC2/GADD45B/RALGDS,-1.7573716715626182,NA,NA
hsa00310,Lysine degradation,63,-0.511344735120842,-1.7816552806467132,2.5115287404617684e-4,0.0018260906883774107,0.001107055431650911,3850,"tags=37%, list=20%, signal=29%",SETD2/KMT5B/ACAT1/DLST/SETMAR/PLOD2/EHMT1/GCDH/AASS/NSD3/PHYKPL/SETDB2/COLGALT1/CAMKMT/ASH1L/PRDM2/PLOD3/KMT2C/PLOD1/KMT2E/DOT1L/SETD7/ALDH3A2,-1.7816552806467132,NA,NA
hsa04623,Cytosolic DNA-sensing pathway,67,-0.5142649340388097,-1.8037173628101257,2.892186233182906e-4,0.0020599448885323143,0.001248827997571996,3831,"tags=37%, list=20%, signal=30%",POLR2F/IRF7/TBK1/MAVS/IKBKB/CHUK/AIM2/ADAR/MEFV/CCL4/NFKB1/POLR3A/RIPK1/IKBKE/IFI16/CASP1/RELA/SAMHD1/CASP7/NFKBIA/G3BP1/ZDHHC11B/IL1B/MLKL/ZDHHC11,-1.8037173628101257,NA,NA
hsa04723,Retrograde endocannabinoid signaling,142,0.3894067179179753,1.6565711112753254,3.11318978461515e-4,0.002173006469661375,0.0013173708351739899,2744,"tags=27%, list=15%, signal=24%",GABRB1/GABRG2/GABRD/MGLL/GABRA2/NDUFB9/PRKCG/GABRA3/GABRG1/PLCB1/SLC32A1/NDUFA4/GNG3/GABRA4/GABRG3/GRIA1/CACNA1D/GABRB3/GABRA1/GRM5/SLC17A8/GABRB2/CACNA1C/CACNA1B/GABRA5/RIMS1/GRM1/MAPK12/CNR1/ITPR2/PLCB4/GNB4/MAPK10/PLCB2/NDUFS3/NDUFA4L2/DAGLB/GABRQ/KCNJ6,1.6565711112753254,NA,NA
hsa05167,Kaposi sarcoma-associated herpesvirus infection,172,-0.4027386717547201,-1.6006733444936945,3.2960677684904476e-4,0.0022555444141238554,0.0013674089194356657,4311,"tags=33%, list=23%, signal=26%",MTOR/MAPK9/MAPK1/IFNAR1/CYCS/MAP1LC3A/CDK6/ATG3/CTNNB1/IRF7/TBK1/GNB2/MAP2K1/PPP3CC/IKBKB/GNG10/CALM1/CASP9/STAT2/CHUK/MAP1LC3B/AKT2/RCAN1/CCR1/MAPK13/IRF9/TRADD/MYC/MAPKAPK2/GNG7/PIK3C3/GSK3B/GNB1/NFATC3/EP300/UBC/NFKB1/MAPK14/RAF1/ICAM1/IKBKE/STAT1/CALM2/RELA/NFKBIA/PREX1/JUN/FOS/CDKN1A/HIF1A/MAP2K4/GNB3/CALML6/ZFP36/VEGFA/IFNAR2/STAT3,-1.6006733444936945,NA,NA
hsa04742,Taste transduction,53,0.5381558141339896,1.9326191646151751,3.41005406385579e-4,0.002288670900549367,0.0013874916332692587,3770,"tags=47%, list=20%, signal=38%",GABRA2/SCN2A/GABRA3/PLCB1/GABRA4/GABRA1/SCN3A/CHRM3/GRM4/CACNA1C/P2RY1/GABRA5/GRM1/GABBR1/HTR1E/PLCB4/GABBR2/PLCB2/ASIC2/PDE1B/PKD2L1/TAS2R39/CACNA1A/HTR3C/HTR1F,1.9326191646151751,NA,NA
hsa05145,Toxoplasmosis,106,-0.44918011870836594,-1.685506032999963,3.5144513032286435e-4,0.0023142330279750877,0.0014029885043673432,4724,"tags=44%, list=25%, signal=33%",AKT1/TNFRSF1A/NFKBIB/IRAK4/BIRC2/HLA-DQA1/MAPK9/ITGB1/MAPK1/CYCS/HLA-DOB/IKBKB/CASP9/TNF/GNAI2/CHUK/AKT2/MAPK13/TAB2/XIAP/HLA-DRB1/HSPA6/ALOX5/LY96/BCL2/NOS2/GNAI3/LDLR/PPIF/NFKB1/MAPK14/STAT1/MAP3K7/TRAF6/LAMA2/RELA/IL10RB/NFKBIA/TGFB3/MAP2K3/BCL2L1/HSPA1B/GNAI1/HSPA1A/GNAO1/TLR2/STAT3,-1.685506032999963,NA,NA
hsa00830,Retinol metabolism,43,0.5448142994035376,1.8735997163844857,3.885052488931967e-4,0.002510895034513438,0.0015222135482949814,3514,"tags=37%, list=19%, signal=30%",PNPLA4/BCO1/CYP26C1/DHRS4/ADH1A/ADH4/CYP3A4/ALDH1A1/CYP3A7/DHRS9/ADH6/CYP3A5/HSD17B6/ALDH1A3/CYP26A1/SDR16C5,1.8735997163844857,NA,NA
hsa04218,Cellular senescence,151,-0.40437098282210626,-1.5929298573667734,4.040576312598073e-4,0.002563929332903141,0.0015543652417841392,4568,"tags=39%, list=24%, signal=30%",CALML4/RBBP4/SERPINE1/VDAC1/CDK4/TP53/SMAD2/AKT1/HUS1/RRAS2/ETS1/NBN/MTOR/MAPK1/RRAS/CDK6/MAP2K1/RASSF5/PPP3CC/SQSTM1/LIN54/PPP1CC/HIPK2/PPID/CALM1/FBXW11/AKT2/HIPK4/MAPK13/GADD45A/RBL1/MYC/MAPKAPK2/CDKN2A/LIN52/NFATC3/TRPM7/PTEN/FOXO1/ATR/NFKB1/MAPK14/RAF1/MCU/CALM2/TRPV4/IL1A/CCNA2/RELA/CDK2/TGFBR1/EIF4EBP1/PPP1CB/TGFB3/MAP2K3/HIPK3/CDKN1A/CALML6/GADD45B,-1.5929298573667734,NA,NA
hsa04390,Hippo signaling pathway,147,-0.4121106607454365,-1.6136206413133647,4.554752126709499e-4,0.002838586593252884,0.0017208743937379876,3467,"tags=31%, list=18%, signal=25%",PPP1CC/FBXW11/LATS1/YWHAE/PPP2R1A/WNT11/CSNK1E/ACTB/CTNNA3/CSNK1D/WNT8B/PPP2CA/MYC/CRB2/PARD6G/WNT5A/WWTR1/LATS2/GSK3B/FGF1/PPP2CB/PPP2R1B/BMPR1A/SAV1/ID2/LIMD1/PPP2R2D/AMH/YWHAZ/TEAD4/TGFBR1/TEAD3/PPP1CB/BMP8B/TGFB3/PRKCZ/BMP2/YWHAG/DLG5/APC2/PPP2R2A/FZD5/BMP8A/STK3/CTNNA1,-1.6136206413133647,NA,NA
hsa04722,Neurotrophin signaling pathway,114,-0.43375012885852543,-1.643228824708872,4.949118650032978e-4,0.0030302498401079112,0.0018370689725884185,5209,"tags=50%, list=28%, signal=36%",SHC4/PLCG2/FRS2/TP53/CDC42/SHC1/PRDM4/AKT1/ABL1/RHOA/NTRK2/NFKBIB/IRAK4/RPS6KA2/MAPK9/MAPK1/NGF/ARHGDIA/RPS6KA5/CRK/MAP2K1/IKBKB/BRAF/CALM1/YWHAE/NGFR/AKT2/RAP1B/MAPK13/CRKL/MAPKAPK2/BCL2/GSK3B/MAP2K5/SOS1/RIPK2/NFKB1/MAPK14/RAF1/KIDINS220/RPS6KA3/SH2B2/CALM2/TRAF6/RELA/GRB2/ZNF274/GAB1/NFKBIA/SORT1/PTPN11/JUN/IRAK2/CAMK2D/RAP1A/SHC2/CALML6,-1.643228824708872,NA,NA
hsa04150,mTOR signaling pathway,146,-0.40745228827493435,-1.5891914549856294,5.216054354074535e-4,0.0031386258096069188,0.0019027711890544131,4724,"tags=38%, list=25%, signal=28%",AKT1/RHOA/TNFRSF1A/SKP2/RRAGB/INSR/SLC3A2/SESN2/RPS6KA2/MIOS/MTOR/ATP6V1E1/MAPK1/SLC7A5/EIF4B/ATP6V1A/ATP6V1C1/MAP2K1/RPS6/IKBKB/DEPDC5/BRAF/TNF/CHUK/WNT11/AKT2/RICTOR/WNT8B/PRKCA/STRADA/MAPKAP1/WNT5A/TTI1/GSK3B/SOS1/SLC38A9/EIF4E/SEH1L/PTEN/RAF1/RPS6KA3/PRR5/RPS6KB1/RRAGD/PRR5L/GRB2/CAB39/EIF4EBP1/RPTOR/DDIT4/GRB10/FZD5/FNIP1/FNIP2/SGK1,-1.5891914549856294,NA,NA
hsa04062,Chemokine signaling pathway,161,-0.4022821685644293,-1.596874202462383,5.414713737867407e-4,0.003202940838162246,0.001941761750778499,3917,"tags=32%, list=21%, signal=26%",GNAQ/CRK/GNB2/ROCK1/MAP2K1/IKBKB/GNG10/BRAF/STAT2/GNAI2/CHUK/AKT2/RAC2/RAP1B/CCL8/CCR1/CRKL/ADCY5/GNG7/GSK3B/GNB1/TIAM1/ADCY9/SOS1/GNAI3/CCL4/NFKB1/RAF1/CCL3/STAT1/CCL2/GRK4/ARRB1/RELA/GRB2/ADCY3/NFKBIA/PREX1/PTK2/PRKCZ/GRK7/JAK3/STAT5B/RAP1A/FGR/BCAR1/SHC2/GNAI1/GNB3/PXN/ELMO1/STAT3,-1.596874202462383,NA,NA
hsa04520,Adherens junction,88,-0.4644738058296169,-1.7039441874818928,7.05858476682183e-4,0.004105743472701364,0.0024890798914582245,5268,"tags=48%, list=28%, signal=35%",WASF2/ACP1/RADIL/ROCK2/CDC42/CSNK2A2/RHOA/MYL12A/INSR/FGFR1/MAPK1/NECTIN4/CTNNB1/ROCK1/SNAI1/ACTB/CTNNA3/RAC2/WASL/RAP1B/FER/KRIT1/NLK/EP300/FYN/MAP3K7/TJP1/CCM2/PDCD10/TGFBR1/AFDN/ACTN4/CSNK2A1/NECTIN2/SMURF1/PTPN1/RAP1A/IQGAP1/PTPRM/CTNNA1/PTPRF/PTPRJ,-1.7039441874818928,NA,NA
hsa05222,Small cell lung cancer,91,-0.4510080720681931,-1.6649962930697189,8.135258102180219e-4,0.004654434553542453,0.0028217202390650974,5155,"tags=47%, list=27%, signal=34%",CDK4/LAMC3/TP53/BIRC3/AKT1/SKP2/BIRC2/ITGB1/CYCS/DDB2/CDK6/CKS2/IKBKB/CDKN1B/ITGA2B/CASP9/CHUK/AKT2/APAF1/XIAP/GADD45A/MYC/BCL2/ZBTB17/ITGAV/NOS2/FHIT/PTEN/NFKB1/COL4A1/TRAF1/ITGA2/TRAF6/LAMA2/RELA/CDK2/POLK/NFKBIA/PTK2/COL4A2/BCL2L1/CDKN1A/GADD45B,-1.6649962930697189,NA,NA
hsa04066,HIF-1 signaling pathway,102,-0.44283194350804556,-1.6614112452898129,8.568938594964086e-4,0.004823483176842687,0.0029242048515921585,2556,"tags=29%, list=14%, signal=26%",PFKP/CUL2/BCL2/NOS2/EP300/EIF4E/NFKB1/HK1/RPS6KB1/PFKL/ENO2/RELA/MKNK2/LDHC/SLC2A1/EIF4EBP1/LDHA/EGLN1/ENO1/CAMK2D/CDKN1A/TFRC/HIF1A/HK2/HMOX1/PFKFB3/VEGFA/PGK1/PDK1/STAT3,-1.6614112452898129,NA,NA
hsa05235,PD-L1 expression and PD-1 checkpoint pathway in cancer,85,-0.45674810722123527,-1.6550638406360003,9.577474431226812e-4,0.005305616788092314,0.003216495172391962,3688,"tags=33%, list=20%, signal=27%",MAP2K1/PPP3CC/IKBKB/CHUK/AKT2/MAPK13/CD274/NFATC3/TICAM2/PTEN/NFKB1/MAPK14/RAF1/BATF3/RPS6KB1/STAT1/TRAF6/RELA/CSNK2A1/NFKBIA/PTPN11/MAP2K3/JUN/FOS/HIF1A/BATF/TLR2/STAT3,-1.6550638406360003,NA,NA
hsa05133,Pertussis,68,-0.4787135739999381,-1.6825005727684512,0.0010475641271738341,0.005688419708121359,0.003448566917003147,4259,"tags=49%, list=23%, signal=38%",C1R/CFL1/RHOA/IRAK4/MAPK9/ITGA5/ITGB1/MAPK1/CFL2/CALM1/TNF/GNAI2/SERPING1/MAPK13/LY96/NOS2/TICAM2/GNAI3/NFKB1/MAPK14/CALM2/TRAF6/IL1A/CASP1/RELA/CD14/CASP7/IRF1/JUN/FOS/GNAI1/CALML6/IL1B,-1.6825005727684512,NA,NA
hsa04659,Th17 cell differentiation,100,-0.4480331925438449,-1.6765143174679102,0.001059447796641514,0.005688419708121359,0.003448566917003147,4311,"tags=34%, list=23%, signal=26%",MTOR/HLA-DQA1/MAPK9/MAPK1/IL21R/HSP90AB1/PPP3CC/HLA-DOB/IKBKB/CHUK/MAPK13/HLA-DRB1/NFATC3/HSP90AA1/NFKB1/MAPK14/IL27/STAT1/STAT5A/IL1RAP/RELA/TGFBR1/NFKBIA/IL4R/JUN/JAK3/RUNX1/STAT5B/RARA/FOS/HIF1A/IL1B/AHR/STAT3,-1.6765143174679102,NA,NA
hsa05100,Bacterial invasion of epithelial cells,77,-0.4695768151984991,-1.6856083575226484,0.0010900575446746536,0.005764092168052335,0.0034944428465646785,5268,"tags=49%, list=28%, signal=36%",WASF2/SHC4/ARPC3/CDC42/SHC1/CAV1/RHOA/ELMO2/ITGA5/ITGB1/CRK/CTNNB1/ARPC1A/SEPTIN8/ACTB/CTNNA3/MAD2L2/SEPTIN12/WASL/CRKL/SEPTIN9/ARPC2/ARPC5/SEPTIN2/CLTA/DNM2/CTTN/ACTR3/CLTC/GAB1/PTK2/DNM3/BCAR1/SHC2/PXN/CTNNA1/ELMO1/DOCK1,-1.6856083575226484,NA,NA
hsa05200,Pathways in cancer,488,-0.3130913357025757,-1.3899621748426816,0.0011824045458355258,0.0061590923357701275,0.0037339090921121865,4126,"tags=30%, list=22%, signal=24%",KEAP1/ETS1/FGFR1/PLD1/MTOR/EGLN2/MAPK9/ITGB1/MAPK1/IL15RA/IFNAR1/CYCS/HSP90AB1/RPS6KA5/DDB2/STK4/CDK6/GNAQ/PTGER4/ELOC/CRK/CTNNB1/RUNX1T1/GNB2/NKX3-1/ROCK1/MAP2K1/RASSF5/CKS2/IKBKB/GNG10/CDKN1B/ITGA2B/BRAF/F2/CALM1/CASP9/DLL1/STAT2/GNAI2/CHUK/WNT11/AKT2/CTNNA3/RAC2/WNT8B/APAF1/FGF22/PRKCA/XIAP/GADD45A/CRKL/MYC/ADCY5/WNT5A/GNG7/CDKN2A/CUL2/BCL2/ZBTB17/GSK3B/ITGAV/GNB1/NOS2/FGF1/EP300/ADCY9/SOS1/JUP/FGF18/TXNRD1/GNAI3/PTEN/GNA13/HSP90AA1/NFKB2/GSTO1/TPM3/FOXO1/SP1/NFKB1/COL4A1/APPL1/RAF1/TRAF1/CCDC6/TPR/RPS6KB1/STAT1/STAT5A/ITGA2/CALM2/TRAF6/GNA12/LAMA2/CCNA2/RELA/PPARG/CDK2/TGFBR1/POLK/GRB2/SLC2A1/ADCY3/CASP7/GSTA4/TFG/PDGFA/NFKBIA/PPARD/IL4R/PTK2/COL4A2/TGFB3/EGLN1/NCOA1/BMP2/JUN/GSTO2/JAK3/VEGFD/RUNX1/STAT5B/CUL1/PMAIP1/FGFR2/RARA/CAMK2D/FOS/BCL2L1/CDKN1A/NFE2L2/HIF1A/APC2/GNAI1/FZD5/HMOX1/GNB3/CALML6/VEGFA/CTNNA1/GADD45B/RALGDS/PIM1/ZBTB16/IFNAR2/STAT3,-1.3899621748426816,NA,NA
hsa04625,C-type lectin receptor signaling pathway,94,-0.44787373411177717,-1.663840570398537,0.0012470171465934251,0.006400132120016256,0.0038800378709795426,4724,"tags=43%, list=25%, signal=32%",AKT1/RHOA/RRAS2/PAK1/MAPK9/MAPK1/RRAS/PPP3CC/IKBKB/FCER1G/CALM1/STAT2/TNF/CHUK/AKT2/LSP1/MAPK13/IRF9/KSR1/MAPKAPK2/MALT1/MAP3K14/NFATC3/NFKB2/PLK3/NFKB1/MAPK14/RAF1/IKBKE/STAT1/CALM2/CASP1/RELA/NFKBIA/IRF1/PTPN11/JUN/BCL3/CALML6/IL1B,-1.663840570398537,NA,NA
hsa04130,SNARE interactions in vesicular transport,33,-0.5775572979898853,-1.7778234599995935,0.0013433267616587783,0.006794507823462517,0.0041191255391825245,4802,"tags=61%, list=26%, signal=45%",VTI1A/STX16/VTI1B/STX8/VAMP2/VAMP4/STX17/VAMP3/STX11/VAMP7/STX2/SNAP23/BET1L/VAMP1/STX3/GOSR1/SEC22B/STX18/STX6/GOSR2,-1.7778234599995935,NA,NA
hsa05014,Amyotrophic lateral sclerosis,343,-0.32549150044031816,-1.3932754064204405,0.0014963955062520184,0.007460600452599349,0.004522939800851965,4115,"tags=29%, list=22%, signal=23%",PSMA7/NDUFV2/CYCS/DCTN5/MAP1LC3A/NXF2B/PSMD12/NUP54/TBK1/PSMC2/PSMD3/PSMD1/NUP35/SETX/PPP3CC/DCTN1/SEM1/SQSTM1/GRIN2A/ANXA7/PSMB7/RAB8A/ACTR1A/SPG11/C9orf72/NDUFS4/TUBB/NUP93/CASP9/TNF/CHMP2B/MAP1LC3B/NDUFA9/PSMD9/PSMB2/ACTB/NUP107/RAB39B/DERL1/APAF1/MAPK13/DNAH12/PSMD13/TANK/TUBA1B/NUP210L/ATG13/NDUFS1/DCTN4/NUP133/BCL2/PIK3C3/NUP85/NOS2/ATG2B/PIK3R4/POM121/NDUFS2/RAB5A/SEH1L/PSMD11/UBQLN2/SDHC/TOMM40/HAP1/XBP1/MAPK14/MATR3/TPR/ALS2/TUBA1A/EIF2AK3/MCU/VAPB/NDUFB6/EIF2S1/TUBB4A/KIF5B/POM121C/CASP1/UBQLN1/RANBP2/NUP160/KIF5C/ATF6/NUP153/NUP188/NUP98/KLC1/RAB1A/NUP214/MAP2K3/NUP58/WDR41/AMBRA1/NUP205/BCL2L1/SDHA,-1.3932754064204405,NA,NA
hsa04152,AMPK signaling pathway,118,-0.4192136966768613,-1.598729884578665,0.0015980933303650624,0.007855416511231082,0.004762294431480764,4522,"tags=40%, list=24%, signal=30%",INSR/CD36/HMGCR/RAB14/MTOR/EEF2/PRKAG1/PPP2R5C/ACACA/RAB8A/PPP2R5B/PPP2R5A/PPP2R1A/AKT2/STRADA/IRS2/PPP2CA/PFKP/FASN/PPP2CB/PPP2R1B/ELAVL1/PPP2R3A/CREB5/PRKAB2/PPP2R2D/LIPE/FOXO1/RPS6KB1/EEF2K/MAP3K7/PFKL/PPP2R5E/CCNA2/CREB3L2/PPARG/CAB39/SCD5/PPP2R3C/EIF4EBP1/RPTOR/PFKFB4/RAB10/GYS1/PPP2R2A/PFKFB3/ADIPOR2,-1.598729884578665,NA,NA
hsa04145,Phagosome,134,-0.40932529995019584,-1.5855975814051213,0.0016714467913725667,0.00788290446201386,0.004778958820282873,5004,"tags=44%, list=27%, signal=33%",C1R/COLEC11/TUBB4B/RAB5C/ATP6V0D1/TUBB6/CD36/DYNC1I2/SEC61G/HLA-DQA1/ITGA5/ATP6V1E1/SEC61A1/ITGB1/ATP6V0E2/RAB5B/THBS1/ATP6V1A/ATP6V1C1/HLA-DOB/VAMP3/MSR1/TUBB/DYNC1H1/LAMP1/ACTB/ATP6V0A2/DYNC1LI2/LAMP2/HLA-DRB1/TAP2/SCARB1/TUBA1B/HGS/PIK3C3/ITGAV/NCF2/RAB5A/PIKFYVE/SEC22B/STX18/ATP6V0A1/FCGR3B/TUBA1A/FCGR1A/FCGR3A/ITGA2/TUBB4A/RAB7A/STX12/FCGR2A/CD14/DYNC1I1/TAP1/EEA1/FCAR/TFRC/ITGB3/TLR2,-1.5855975814051213,NA,NA
hsa04660,T cell receptor signaling pathway,113,-0.4182436210790817,-1.5834780595565945,0.0016561758107239077,0.00788290446201386,0.004778958820282873,4724,"tags=41%, list=25%, signal=31%",AKT1/RHOA/NFKBIB/PAK1/MAPK9/MAPK1/LCP2/PPP2R5C/MAP2K1/PPP3CC/IKBKB/PPP2R5B/TNF/PPP2R5A/PPP2R1A/CHUK/AKT2/MAPK13/PPP2CA/MALT1/MAP3K14/GSK3B/NFATC3/PPP2CB/FYN/PPP2R1B/SOS1/PPP2R3A/PPP2R2D/NFKB1/MAPK14/RAF1/PAK4/MAP3K8/MAP3K7/PPP2R5E/RELA/GRB2/PPP2R3C/NFKBIA/PTPN11/JUN/FOS/NCK2/PPP2R2A/PAK2,-1.5834780595565945,NA,NA
hsa05165,Human papillomavirus infection,302,-0.3302219127414508,-1.401896787464618,0.0016510890247799003,0.00788290446201386,0.004778958820282873,4311,"tags=29%, list=23%, signal=23%",MTOR/PARD6B/ITGA5/ATP6V1E1/ITGB1/ATP6V0E2/MAPK1/IFNAR1/CDK6/PTGER4/PPP2R5C/THBS1/CTNNB1/TBK1/ATP6V1A/ATP6V1C1/MAP2K1/IKBKB/CDKN1B/ITGA2B/PPP2R5B/STAT2/TNF/OASL/PPP2R5A/PPP2R1A/CHUK/WNT11/AKT2/ATP6V0A2/WNT8B/IRF9/TRADD/RBL1/PPP2CA/PARD6G/WNT5A/TUBG2/UBR4/PKM/GSK3B/ITGAV/EP300/PPP2CB/PPP2R1B/SOS1/ITGA8/PPP2R3A/PTEN/CREB5/PPP2R2D/FOXO1/ATR/UBE3A/ATP6V0A1/NFKB1/COL4A1/RAF1/IKBKE/RPS6KB1/STAT1/ITGA2/PPP2R5E/LAMA2/CCNA2/CREB3L2/RELA/CDK2/GRB2/NFX1/PPP2R3C/EIF4EBP1/PTK2/COL4A2/PRKCZ/IRF1/CSNK1A1/SPP1/CDKN1A/ITGB3/APC2/PPP2R2A/FZD5/ITGB4/PXN/VEGFA/ITGB8/IFNAR2,-1.401896787464618,NA,NA
hsa04114,Oocyte meiosis,120,-0.4135485942239287,-1.5804122047629103,0.0017370546056485266,0.008083094098284477,0.004900322466461106,3903,"tags=35%, list=21%, signal=28%",MAD1L1/PPP2R5C/YWHAQ/MAP2K1/PPP3CC/PPP1CC/PPP2R5B/CALM1/FBXW11/CDC26/YWHAE/PPP2R5A/PPP2R1A/PLK1/MAD2L2/MAPK13/ANAPC1/PPP2CA/ADCY5/CPEB3/PPP2CB/CDC27/PPP2R1B/CPEB2/ADCY9/ANAPC10/CPEB1/ANAPC16/YWHAZ/MAPK14/RPS6KA3/CALM2/PPP2R5E/CPEB4/CDK2/SLK/ADCY3/PPP1CB/YWHAG/CUL1/CAMK2D/CALML6,-1.5804122047629103,NA,NA
hsa04931,Insulin resistance,106,-0.4260767284972657,-1.5988127401277454,0.001973268593860108,0.009061457095489181,0.005493448578474816,4975,"tags=44%, list=26%, signal=33%",SLC27A6/AGT/PPP1R3B/CPT1B/PTPA/AKT1/TNFRSF1A/INSR/CD36/RPS6KA2/MTOR/GFPT1/MAPK9/PRKAG1/IKBKB/OGT/PPP1CC/OGA/MLXIP/TNF/PPARA/AKT2/SLC27A1/IRS2/GSK3B/PTEN/CREB5/PRKAB2/FOXO1/NFKB1/RPS6KA3/RPS6KB1/SLC27A4/GFPT2/CREB3L2/RELA/SLC2A1/SOCS3/PPP1CB/NFKBIA/PRKCZ/PTPN11/PYGL/PTPN1/GYS1/PTPRF/STAT3,-1.5988127401277454,NA,NA
hsa05130,Pathogenic Escherichia coli infection,184,-0.371111803826547,-1.4922142178017228,0.0020488503674514135,0.009286347769357706,0.0056297870657243225,5071,"tags=43%, list=27%, signal=32%",GAPDH/ROCK2/CDC42/MYH9/TUBB4B/WIPF2/RPS3/MYH14/TUBB6/ABL1/RHOA/TNFRSF1A/NFKBIB/IRAK4/PAK1/MAPK9/ITGB1/MAPK1/CYCS/SEC24B/ARPC1A/ROCK1/TNFRSF10B/IKBKB/NCKAP1/F2/TUBB/CASP9/TNF/CHUK/ACTB/WASL/MAPK13/TRADD/TAB2/TUBA1B/ARPC2/MYO5B/ARPC5/ARHGEF2/FYN/TAB3/MYO1E/GNA13/NAIP/TNFRSF10A/NFKB1/MAPK14/RIPK1/TUBA1A/CLDN15/SEC24A/MAP3K7/TJP1/TRAF6/TUBB4A/CASP4/GNA12/CASP1/CYTH1/RELA/CTTN/ACTR3/FCGR2A/CASP7/NFKBIA/RAB1A/PTPN11/MYO6/JUN/SEC24D/FOS/NCK2/WIPF1/CLDN11/IL1B/MYO1G/TMED10/PAK2,-1.4922142178017228,NA,NA
hsa04071,Sphingolipid signaling pathway,115,-0.4089983262572481,-1.5510078886665257,0.002086296306452363,0.009334838601947112,0.00565918431304892,4739,"tags=44%, list=25%, signal=33%",GAB2/AKT1/RHOA/TNFRSF1A/CTSD/PLD1/MAPK9/MAPK1/GNAQ/PPP2R5C/ROCK1/MAP2K1/FCER1G/PPP2R5B/TNF/PPP2R5A/PPP2R1A/CERS4/S1PR5/GNAI2/AKT2/RAC2/PRKCA/MAPK13/TRADD/NSMAF/PPP2CA/BCL2/CERS3/PPP2CB/FYN/PPP2R1B/SPTLC1/PPP2R3A/GNAI3/PTEN/GNA13/PPP2R2D/NFKB1/MAPK14/RAF1/CERS5/PPP2R5E/GNA12/RELA/PPP2R3C/PRKCZ/ADORA1/PPP2R2A/GNAI1/SGMS1,-1.5510078886665257,NA,NA
hsa05205,Proteoglycans in cancer,186,-0.36761798533932605,-1.481097877075425,0.0021549302064141473,0.009519881544791612,0.005771365376272399,5151,"tags=38%, list=27%, signal=28%",HSPB2/PLCG2/FRS2/TP53/ROCK2/CDC42/DROSHA/ANK3/CAV1/SMAD2/AKT1/RHOA/CD63/HPSE/PPP1R12A/RRAS2/PAK1/FGFR1/MTOR/ITGA5/ITGB1/MAPK1/RRAS/THBS1/EIF4B/CTNNB1/ROCK1/MAP2K1/RPS6/BRAF/PPP1CC/TNF/WNT11/AKT2/ACTB/WNT8B/PRKCA/MAPK13/MYC/WNT5A/KDR/ITGAV/TIAM1/SOS1/ERBB3/CD44/MAPK14/RAF1/RPS6KB1/PPP1R12B/ITGA2/FLNA/GRB2/CTTN/GAB1/PPP1CB/PTK2/ANK2/PTPN11/CAMK2D/MSN/CDKN1A/ITGB3/IQGAP1/HIF1A/FZD5/TLR2/PLAUR/PXN/VEGFA/STAT3,-1.481097877075425,NA,NA
hsa04260,Cardiac muscle contraction,78,0.42648367068279563,1.6305089892495268,0.0022982142112846363,0.010025959496729225,0.006078171795634366,4851,"tags=44%, list=26%, signal=32%",ATP1A2/CACNB4/TRDN/SLC9A7/SLC8A1/CACNG3/CACNG2/ATP1A3/CACNA1D/CACNG4/CACNG8/CACNA1C/CACNA2D3/COX7B2/SLC8A2/CACNB2/CACNG5/COX7A2/COX7C/HRC/CACNA2D2/ATP2A3/COX7B/COX5B/COX6C/COX4I1/COX6A1/CACNG7/ATP2A1/CACNG6/SLC8A3/CYC1/CACNB1/COX8A,1.6305089892495268,NA,NA
hsa03250,Viral life cycle - HIV-1,61,-0.4816441169368943,-1.6686744761507062,0.002976367448603839,0.012824101722996787,0.007774527058731275,5134,"tags=51%, list=27%, signal=37%",CCNT1/NELFCD/NELFB/SERINC5/MAP1A/MLLT3/BST2/VPS4A/CHMP6/NELFA/SERINC3/CXCR4/PDCD6IP/SMARCB1/BICD2/MLLT1/APOBEC3H/PSIP1/CCNT2/HGS/EP300/CPSF6/ELL/XPO1/TNPO3/AFF4/RANBP2/SAMHD1/NUP153/KAT2B/ELL2,-1.6686744761507062,NA,NA
hsa04064,NF-kappa B signaling pathway,96,-0.4211424368029222,-1.5649839588629075,0.0034208237088019754,0.014383945474360112,0.008720172041460963,5235,"tags=45%, list=28%, signal=32%",CYLD/TNFSF13B/PLCG2/BIRC3/PPP1R13L/TNFSF14/CSNK2A2/PARP1/TNFRSF1A/IRAK4/BIRC2/LTBR/IKBKB/TNF/CHUK/TRADD/TAB2/XIAP/GADD45A/UBE2I/MALT1/MAP3K14/LY96/BCL2/TICAM2/TAB3/CCL4/NFKB2/NFKB1/RIPK1/ICAM1/TRAF1/MAP3K7/EDA/TRAF6/RELA/CD14/CSNK2A1/NFKBIA/BCL2A1/BCL2L1/IL1B/GADD45B,-1.5649839588629075,NA,NA
hsa04926,Relaxin signaling pathway,119,-0.3970191596633158,-1.5141059928199336,0.003400059983710613,0.014383945474360112,0.008720172041460963,3211,"tags=29%, list=17%, signal=25%",GNAI2/AKT2/PRKCA/MAPK13/ADCY5/ATF2/GNG7/GNB1/NOS2/ADCY9/SOS1/GNAI3/CREB5/NFKB1/MAPK14/COL4A1/RAF1/ARRB1/CREB3L2/RELA/TGFBR1/GRB2/ADCY3/NFKBIA/COL4A2/PRKCZ/JUN/VEGFD/FOS/SHC2/MAP2K4/GNAI1/GNB3/GNAO1/VEGFA,-1.5141059928199336,NA,NA
hsa04142,Lysosome,126,-0.38777784734201914,-1.4976907688546575,0.003925518448227288,0.016309594505134806,0.00988758406132437,5282,"tags=37%, list=28%, signal=26%",CTSC/SCARB2/NAGLU/AP1S2/AP3S2/ATP6V0D1/WDR7/CD63/CTSD/SLC17A5/LAPTM4B/CTSB/HYAL3/CD164/NAPSA/AP3M2/NPC1/LAMP1/ATP6V0A2/GLB1/GALC/LAMP2/ABCB9/GALNS/DMXL1/AP4E1/ABCA2/TPP1/GLA/DMXL2/HEXB/AP3S1/IDS/AP1S3/AP3B1/ENTPD4/ATP6V0A1/CLTA/AP1G1/CLTC/SLC11A2/SORT1/IGF2R/LITAF/NCOA7/SLC11A1,-1.4976907688546575,NA,NA
hsa04914,Progesterone-mediated oocyte maturation,95,-0.4173836006576644,-1.5523114034435812,0.0045240243458548966,0.018575111725921866,0.011261038929001044,4749,"tags=40%, list=25%, signal=30%",ANAPC13/AKT1/CDC16/CDC25B/RPS6KA2/ANAPC7/MAPK9/MAPK1/HSP90AB1/MAD1L1/MAP2K1/STK10/BRAF/CDC26/GNAI2/AKT2/PLK1/MAD2L2/MAPK13/ANAPC1/ADCY5/CPEB3/CDC27/CPEB2/ADCY9/ANAPC10/GNAI3/CPEB1/HSP90AA1/ANAPC16/MAPK14/RAF1/RPS6KA3/CPEB4/CCNA2/CDK2/ADCY3/GNAI1,-1.5523114034435812,NA,NA
hsa03022,Basal transcription factors,40,-0.5172038970899049,-1.6523965682441193,0.004705291734840234,0.019094730412316765,0.011576054329288704,5826,"tags=52%, list=31%, signal=36%",CDK7/TAF5/TAF1/TAF5L/TAF12/MNAT1/GTF2F2/GTF2H2/TAF3/GTF2H2C/TAF11/GTF2H5/GTF2B/ERCC3/GTF2I/GTF2E2/TAF4/GTF2H1/TAF2/TAF15/CCNH,-1.6523965682441193,NA,NA
hsa04917,Prolactin signaling pathway,63,-0.44591016397983857,-1.5536645706559848,0.005474497750564966,0.02171136039712697,0.013162368993583232,2353,"tags=27%, list=13%, signal=24%",GSK3B/SOS1/NFKB1/MAPK14/RAF1/STAT1/STAT5A/RELA/GRB2/CISH/SOCS3/SOCS4/IRF1/STAT5B/FOS/SHC2/STAT3,-1.5536645706559848,NA,NA
hsa04936,Alcoholic liver disease,122,-0.3892016156196773,-1.4909112766360857,0.005452851281004219,0.02171136039712697,0.013162368993583232,3822,"tags=31%, list=20%, signal=25%",CTNNB1/TBK1/ACACA/IKBKB/TRA2A/NOX4/TNF/PPARA/CHUK/AKT2/MAPK13/TRADD/TAB2/IL17RA/MAP3K14/LY96/FASN/GSK3B/TAB3/PRKAB2/FOXO1/NFKB1/MAPK14/RIPK1/IKBKE/MAP3K7/TRAF6/RELA/CD14/SCD5/NFKBIA/MAP2K3/C5AR1/TRA2B/MAP2K4/IL1B/ADIPOR2/ALDH3A2,-1.4909112766360857,NA,NA
hsa00900,Terpenoid backbone biosynthesis,21,-0.6151290854047438,-1.7272606003075774,0.00624650258046545,0.024309574716363372,0.01473751928212649,4593,"tags=48%, list=24%, signal=36%",FNTA/HMGCR/HMGCS1/IDI1/ACAT1/PDSS2/IDI2/NUS1/FNTB/MVK,-1.7272606003075774,NA,NA
hsa05142,Chagas disease,95,-0.40929596265830914,-1.5222322803694095,0.0062689447692627605,0.024309574716363372,0.01473751928212649,3343,"tags=31%, list=18%, signal=25%",TNF/PPP2R1A/GNAI2/CHUK/AKT2/MAPK13/PPP2CA/NOS2/PPP2CB/PPP2R1B/GNAI3/PPP2R2D/NFKB1/MAPK14/CCL3/CCL2/TRAF6/RELA/TGFBR1/NFKBIA/TGFB3/JUN/FOS/MAP2K4/PPP2R2A/GNAI1/GNAO1/TLR2/IL1B,-1.5222322803694095,NA,NA
hsa05225,Hepatocellular carcinoma,155,-0.36424944008091176,-1.437330919518712,0.006356990796472353,0.02438010756009727,0.014780279353278691,4378,"tags=32%, list=23%, signal=24%",KEAP1/MTOR/PBRM1/ARID1B/MAPK1/DDB2/CDK6/CTNNB1/SMARCB1/MAP2K1/BRAF/WNT11/AKT2/ACTB/WNT8B/PRKCA/SMARCA4/GADD45A/MYC/WNT5A/PHF10/SMARCD2/CDKN2A/GSK3B/ARID1A/SOS1/TXNRD1/PTEN/GSTO1/ARID2/DPF1/RAF1/RPS6KB1/TGFBR1/POLK/GRB2/GAB1/GSTA4/TGFB3/GSTO2/CSNK1A1/BCL2L1/CDKN1A/NFE2L2/SHC2/APC2/FZD5/HMOX1/GADD45B,-1.437330919518712,NA,NA
hsa04727,GABAergic synapse,86,0.3848170645260427,1.5146982230394637,0.0066205561384775685,0.025114935786181212,0.01522576411709372,2744,"tags=33%, list=15%, signal=28%",GABRB1/GABRG2/GABRD/GABRA2/SLC12A5/PRKCG/GABRA3/GABRG1/GLS2/SLC32A1/GNG3/GABRA4/GABRG3/GAD2/CACNA1D/NSF/GABRB3/GABRA1/GABRB2/CACNA1C/CACNA1B/GABRA5/GABBR1/GNB4/GABBR2/GAD1/GABRQ/KCNJ6,1.5146982230394637,NA,NA
hsa01200,Carbon metabolism,105,-0.3983702287526867,-1.4925793037426214,0.007271865822913069,0.027289044862329692,0.016543803400175743,5243,"tags=44%, list=28%, signal=32%",GLUD1/PGAM2/GAPDH/ACO1/SUCLG2/CPS1/SDSL/RPE/ACO2/ADPGK/ACOX1/TKT/SUCLG1/IDH3A/GOT2/ACAT1/DLST/MCEE/ESD/OGDH/PRPS2/RPIA/PFKP/MMUT/PKM/HIBCH/PCCA/ACSS2/PCCB/SDHC/SHMT2/DLAT/PC/GPI/TPI1/ALDH6A1/HK1/PFKL/ENO2/GLDC/H6PD/ENO1/SDHA/HK2/PGK1/SHMT1,-1.4925793037426214,NA,NA
hsa04151,PI3K-Akt signaling pathway,314,-0.3148080383816165,-1.3423783311197406,0.007853814842583757,0.02915937638363544,0.01767767954489737,4238,"tags=32%, list=23%, signal=25%",BRCA1/ITGA5/ITGB1/MAPK1/IFNAR1/HSP90AB1/NGF/CDK6/PPP2R5C/THBS1/EIF4B/GNB2/YWHAQ/MAP2K1/RPS6/IKBKB/GNG10/CDKN1B/ITGA2B/PPP2R5B/CASP9/YWHAE/NGFR/PPP2R5A/PPP2R1A/CHUK/AKT2/FGF22/PRKCA/PIK3AP1/PHLPP1/PPP2CA/MYC/ATF2/GNG7/KDR/BCL2/NR4A1/GSK3B/OSM/ITGAV/GNB1/FGF1/PPP2CB/PPP2R1B/SOS1/EIF4E/ITGA8/FGF18/PPP2R3A/EPHA2/PTEN/CREB5/HSP90AA1/PPP2R2D/YWHAZ/GDNF/ERBB3/NFKB1/COL4A1/RAF1/RPS6KB1/SGK2/ITGA2/PPP2R5E/LAMA2/CREB3L2/RELA/CSF1/CDK2/GRB2/PPP2R3C/EIF4EBP1/PDGFA/IL4R/PTK2/COL4A2/SGK3/MCL1/YWHAG/JAK3/RPTOR/VEGFD/FGFR2/GYS1/DDIT4/BCL2L1/SPP1/CDKN1A/ITGB3/PPP2R2A/EFNA1/GNB3/TLR2/ITGB4/VEGFA/ITGB8/IFNAR2/SGK1,-1.3423783311197406,NA,NA
hsa04215,Apoptosis - multiple species,29,-0.5507980847664153,-1.6464162944356349,0.00823578141727916,0.029610459506158905,0.0179511457117718,4941,"tags=52%, list=26%, signal=38%",BIRC3/TNFRSF1A/BECN1/BIRC2/MAPK9/CYCS/CASP9/NGFR/APAF1/XIAP/BCL2/BIRC6/CASP7/PMAIP1/BCL2L1,-1.6464162944356349,NA,NA
hsa00140,Steroid hormone biosynthesis,34,0.49836458290495045,1.6147693790456468,0.008101437770800954,0.029610459506158905,0.0179511457117718,3011,"tags=41%, list=16%, signal=35%",STS/AKR1C3/CYP3A4/CYP7B1/CYP11A1/CYP3A7/AKR1C2/AKR1D1/CYP3A5/HSD17B6/HSD17B8/DHRS11/LRTOMT/AKR1C1,1.6147693790456468,NA,NA
hsa04070,Phosphatidylinositol signaling system,94,-0.41045884342756783,-1.5248451162871843,0.008314684904308232,0.029610459506158905,0.0179511457117718,3424,"tags=29%, list=18%, signal=24%",CALM1/PLCD4/OCRL/PRKCA/DGKG/SACM1L/PIK3C3/DGKI/IPPK/PI4KA/PIKFYVE/PTEN/PIP4P2/MTMR6/DGKZ/PIP5K1A/MTMR7/CALM2/CDS2/ITPKC/INPP5F/ITPK1/PIK3C2B/CALML6/SYNJ2/IP6K3/PIP4K2A,-1.5248451162871843,NA,NA
hsa04915,Estrogen signaling pathway,109,-0.38843282276759405,-1.467175269628313,0.008276948059054184,0.029610459506158905,0.0179511457117718,3688,"tags=32%, list=20%, signal=26%",MAP2K1/KCNJ9/POMC/CALM1/GNAI2/AKT2/ADCY5/HSPA6/ATF2/BCL2/NCOA2/ADCY9/SOS1/GNAI3/CREB5/HSP90AA1/FKBP4/SP1/RAF1/CALM2/GREB1/CREB3L2/GRB2/ADCY3/NCOA1/JUN/RARA/FOS/SHC2/HSPA1B/GNAI1/HSPA1A/FKBP5/CALML6/GNAO1,-1.467175269628313,NA,NA
hsa04136,Autophagy - other,31,-0.5348169467109132,-1.620218202254586,0.00927298757124545,0.0326896228521683,0.019817868174591552,5552,"tags=58%, list=30%, signal=41%",GABARAPL1/ATG7/IGBP1/ATG10/ATG4A/BECN1/ATG16L1/MTOR/ATG3/PPP2CA/ATG13/PIK3C3/ATG2B/PIK3R4/ATG5/PPP2CB/ATG4B/RPTOR,-1.620218202254586,NA,NA
hsa03082,ATP-dependent chromatin remodeling,86,-0.40714800867909035,-1.480559980473898,0.009865736731052248,0.034431421191372345,0.02087382192570002,6506,"tags=56%, list=35%, signal=37%",CHD4/RUVBL2/BPTF/MCRS1/RUVBL1/CHRAC1/DPF2/TRRAP/SMARCC1/MRGBP/EPC2/ACTR5/BCL7B/ACTL6A/HDAC1/RBBP4/EPC1/RSF1/CDK2AP2/PHF6/SMARCE1/YY1/GATAD2B/PBRM1/ARID1B/MTA2/SMARCB1/BCL7C/INO80/BAZ1B/SMARCA5/ACTB/SMARCA4/MORF4L1/SS18/PHF10/SMARCD2/ARID1A/EP400/UCHL5/ARID2/DPF1/SMARCA1/BAZ1A/MBD2/MORF4L2/SS18L1/GATAD2A,-1.480559980473898,NA,NA
hsa00051,Fructose and mannose metabolism,30,-0.5425915261787617,-1.6347104735862525,0.010087724859751705,0.03485758392132025,0.021132180268995233,2652,"tags=33%, list=14%, signal=29%",TIGAR/PFKP/ENOSF1/TPI1/HK1/PFKL/PFKFB4/PMM2/HK2/PFKFB3,-1.6347104735862525,NA,NA
hsa04510,Focal adhesion,194,-0.34200183162299347,-1.377858470936857,0.010198905746929436,0.034896255938023264,0.021155624923971276,5015,"tags=38%, list=27%, signal=28%",ROCK2/CDC42/SHC1/BIRC3/TNC/CAV1/COL6A2/AKT1/RHOA/MYL12A/PPP1R12A/BIRC2/PAK1/MAPK9/ITGA5/ITGB1/MAPK1/THBS1/CRK/CTNNB1/ROCK1/MAP2K1/ITGA2B/BRAF/PPP1CC/AKT2/ACTB/RAC2/RAP1B/PRKCA/XIAP/CRKL/KDR/BCL2/GSK3B/ITGAV/MYLK/FYN/PARVB/SOS1/VASP/ITGA8/PTEN/FLNB/PIP5K1A/COL4A1/ZYX/RAF1/EMP1/PAK4/PPP1R12B/ITGA2/FLNA/LAMA2/GRB2/ACTN4/PPP1CB/PDGFA/PTK2/COL4A2/JUN/VEGFD/ARHGAP5/RAP1A/SPP1/ITGB3/BCAR1/SHC2/ITGB4/PXN/VEGFA/ITGB8/PAK2/DOCK1,-1.377858470936857,NA,NA
hsa04530,Tight junction,149,-0.35642950413159363,-1.4005106126528686,0.010936862504818732,0.03705791275904599,0.02246611510954078,2782,"tags=27%, list=15%, signal=23%",PPP2CA/PARD6G/TUBA1B/RAPGEF2/ARPC2/ARPC5/NEDD4L/EPB41L4B/ARHGEF2/TIAM1/PPP2CB/PPP2R1B/F11R/VASP/PRKAB2/ARHGEF18/CD1D/PPP2R2D/RAPGEF6/MPDZ/TUBA1A/CLDN15/ARHGAP17/CGN/TJP1/CTTN/AFDN/ACTR3/ACTN4/PRKCZ/JUN/YBX3/RUNX1/RAP1A/MSN/RAB8B/JAM3/TJP2/PPP2R2A/CLDN11,-1.4005106126528686,NA,NA
hsa05032,Morphine addiction,88,0.3760617877409996,1.4865292243696056,0.011092939794849863,0.03722534604233271,0.02256762043284233,2322,"tags=31%, list=12%, signal=27%",GABRB1/GABRG2/GABRD/GABRA2/PDE4D/PDE7B/PRKCG/GABRA3/OPRM1/GABRG1/SLC32A1/GNG3/GABRA4/GABRG3/GABRB3/GABRA1/PDE4A/GABRB2/CACNA1B/GABRA5/GRK3/GABBR1/DRD1/PDE11A/GNB4/PDE3A/GABBR2,1.4865292243696056,NA,NA
hsa04012,ErbB signaling pathway,82,-0.417840323425674,-1.5129530363563939,0.011483398646835823,0.03773010983243716,0.022873630150263512,4353,"tags=39%, list=23%, signal=30%",PAK1/MTOR/MAPK9/MAPK1/CRK/MAP2K1/CDKN1B/BRAF/AKT2/PRKCA/CRKL/MYC/ABL2/GSK3B/SOS1/ERBB3/RAF1/PAK4/RPS6KB1/STAT5A/GRB2/GAB1/EIF4EBP1/PTK2/JUN/STAT5B/CAMK2D/CDKN1A/SHC2/MAP2K4/NCK2/PAK2,-1.5129530363563939,NA,NA
hsa05223,Non-small cell lung cancer,72,-0.4168657842708814,-1.4723197302379492,0.011447081007423216,0.03773010983243716,0.022873630150263512,4126,"tags=35%, list=22%, signal=27%",MAPK1/DDB2/STK4/CDK6/MAP2K1/RASSF5/BRAF/CASP9/AKT2/PRKCA/GADD45A/CDKN2A/FHIT/SOS1/RAF1/STAT5A/KIF5B/POLK/GRB2/KIF5C/JAK3/STAT5B/CDKN1A/GADD45B/STAT3,-1.4723197302379492,NA,NA
hsa04068,FoxO signaling pathway,127,-0.3693775540726333,-1.4282931926760498,0.011567684103354658,0.03773010983243716,0.022873630150263512,4259,"tags=32%, list=23%, signal=25%",MAPK9/CDKN2D/MAPK1/PRKAG1/STK4/MAP2K1/IKBKB/CDKN1B/BRAF/SOD2/CHUK/AKT2/CSNK1E/PLK1/USP7/MAPK13/IRS2/GADD45A/DEPP1/NLK/EP300/SOS1/PTEN/PRKAB2/FOXO1/PLK3/MAPK14/RAF1/SGK2/CDK2/TGFBR1/GRB2/TGFB3/SGK3/CDKN1A/BNIP3/BCL6/SETD7/GADD45B/SGK1/STAT3,-1.4282931926760498,NA,NA
hsa04014,Ras signaling pathway,212,-0.33291526080474226,-1.3528859621708034,0.012395503526633983,0.040055840099956115,0.024283588780247865,4756,"tags=41%, list=25%, signal=31%",RAB5C/GAB2/AKT1/ABL1/RHOA/RALB/NTRK2/INSR/RRAS2/GNG5/ETS1/PAK1/FGFR1/PLD1/MAPK9/MAPK1/RRAS/NGF/STK4/RAB5B/TBK1/GNB2/MAP2K1/RASSF5/PLA2G4D/RALGAPA2/GRIN2A/IKBKB/GNG10/CALM1/RAPGEF5/NGFR/CHUK/AKT2/RAC2/RAP1B/FGF22/PRKCA/NF1/PLA2G1B/PLA2G4B/REL/KSR1/ABL2/RALGAPA1/GNG7/KDR/GNB1/TIAM1/FGF1/SOS1/RAB5A/FGF18/EPHA2/RASA2/NFKB1/RAF1/PAK4/PLA2G2C/PLA2G12A/RASAL1/CALM2/RELA/CSF1/RALGAPB/GRB2/AFDN/ETS2/SHOC2/PLAAT3/GAB1/PDGFA/PTPN11/VEGFD/FGFR2/RAP1A/RGL1/BCL2L1/SHC2/EFNA1/GNB3/CALML6/VEGFA/RASA3/RALGDS/PAK2,-1.3528859621708034,NA,NA
hsa03008,Ribosome biogenesis in eukaryotes,74,-0.4105712375377487,-1.4611677290741205,0.012745321242193679,0.04080841388555591,0.024739831672437755,6568,"tags=53%, list=35%, signal=34%",WDR3/IMP4/RPP38/GNL3L/NXT1/NXF1/RRP7A/RPP30/SBDS/GNL3/POP4/UTP15/NVL/RPP25/DROSHA/FCF1/CSNK2A2/AK6/GNL2/BMS1/MPHOSPH10/NXF2B/FBL/WDR36/RCL1/LSG1/TCOF1/UTP4/WDR75/UTP18/WDR43/HEATR1/XRN1/XPO1/NOP58/XRN2/GTPBP4/NAT10/CSNK2A1,-1.4611677290741205,NA,NA
hsa00562,Inositol phosphate metabolism,72,-0.41335218217710407,-1.459910110926252,0.012888988309335958,0.04089324472689318,0.0247912598103017,2457,"tags=25%, list=13%, signal=22%",SACM1L/PIK3C3/IPPK/PI4KA/PIKFYVE/PTEN/MTMR6/PIP5K1A/TPI1/ALDH6A1/MTMR7/PLCH2/ITPKC/INPP5F/ITPK1/PIK3C2B/SYNJ2/PIP4K2A,-1.459910110926252,NA,NA
hsa03060,Protein export,29,-0.5284498666736581,-1.5796141913834416,0.013014954997326763,0.040920894541144504,0.024808022327763676,4651,"tags=31%, list=25%, signal=23%",IMMP1L/SEC61G/SEC61A1/SEC63/SRP54/SRP19/GET1/SGTA/SRPRB,-1.5796141913834416,NA,NA
hsa05110,Vibrio cholerae infection,46,-0.4719209757218841,-1.544056732646452,0.013178619976808411,0.04106552117773335,0.024895701271978297,5859,"tags=50%, list=31%, signal=34%",PRKACA/ATP6V0D2/ARF1/PRKACB/PLCG2/ATP6V0D1/GNAS/SEC61G/ATP6V1E1/SEC61A1/ATP6V0E2/ATP6V1A/ATP6V1C1/ACTB/ATP6V0A2/PRKCA/PDIA4/ADCY9/ATP6V0A1/TJP1/ADCY3/TJP2/ERO1A,-1.544056732646452,NA,NA
hsa04950,Maturity onset diabetes of the young,16,0.60933489602629,1.5910468359588943,0.013666682213890854,0.04185749466641719,0.025375829974211596,4032,"tags=44%, list=21%, signal=34%",HNF4G/PAX6/HES1/SLC2A2/ONECUT1/IAPP/NKX2-2,1.5910468359588943,NA,NA
hsa04350,TGF-beta signaling pathway,101,-0.38010217361527965,-1.4257117024069432,0.013672648687597592,0.04185749466641719,0.025375829974211596,4126,"tags=35%, list=22%, signal=27%",MAPK1/FBN1/BMP5/THBS1/ROCK1/TNF/PPP2R1A/ACVR1B/RBL1/PPP2CA/MYC/GREM1/EP300/PPP2CB/PPP2R1B/BMPR1A/ID2/AMH/SP1/ACVR1C/SMAD5/NCOR1/TFR2/RPS6KB1/TGFBR1/BMP8B/TGFB3/SMURF1/BMP2/LEFTY1/NEO1/CUL1/TFRC/HAMP/BMP8A,-1.4257117024069432,NA,NA
hsa04370,VEGF signaling pathway,56,-0.44035106929160983,-1.495850538515196,0.014148814880730238,0.042568417184265975,0.0258068220601341,6459,"tags=55%, list=34%, signal=36%",NRAS/PPP3R1/PTGS2/KRAS/BAD/PIK3CB/MAP2K2/PLA2G4C/PLCG2/CDC42/AKT1/MAPKAPK3/MAPK1/MAP2K1/PPP3CC/PLA2G4D/CASP9/AKT2/RAC2/PRKCA/PLA2G4B/MAPK13/MAPKAPK2/KDR/MAPK14/RAF1/HSPB1/PTK2/SHC2/PXN/VEGFA,-1.495850538515196,NA,NA
hsa04217,Necroptosis,116,-0.37259784079125857,-1.4131752326319917,0.01404717283807872,0.042568417184265975,0.0258068220601341,5335,"tags=40%, list=28%, signal=29%",ALOX15/VDAC1/GLUD1/CYLD/VPS4A/BIRC3/CHMP6/PARP1/TNFRSF1A/BIRC2/MAPK9/IFNAR1/HSP90AB1/AIFM1/SQSTM1/PLA2G4D/TNFRSF10B/PPID/RNF31/STAT2/TNF/CHMP2B/PLA2G4B/IRF9/TRADD/XIAP/BCL2/TICAM2/TRPM7/HSP90AA1/TNFRSF10A/RIPK1/SPATA2L/STAT1/STAT5A/IL1A/CASP1/PYGL/JAK3/STAT5B/GLUL/CAMK2D/IL1B/MLKL/IFNAR2/STAT3,-1.4131752326319917,NA,NA
hsa04148,Efferocytosis,156,-0.3379499249391825,-1.336259225741869,0.014572190357370505,0.043467473801045355,0.026351869202262453,3886,"tags=29%, list=21%, signal=24%",RAB5B/PTGER4/THBS1/CRK/MAP2K1/P2RY2/PANX1/TYRO3/ATP2A2/MAPK13/CRKL/MAPKAPK2/STAB1/ATP8A2/VPS16/ALOX5/ITGAV/NFATC3/VPS41/ATP11B/RAB5A/ODC1/ATP8A1/DUSP16/GAS6/MAPK14/RAB7A/CASP1/PPARG/SLC2A1/CASP7/PPARD/PTK2/ATP11C/PTPN11/CAMK2D/ITGB3/ADAM9/BCAR1/CD47/HIF1A/ATP11A/PROS1/ELMO1/DOCK1/SGK1,-1.336259225741869,NA,NA
hsa05171,Coronavirus disease - COVID-19,199,-0.339719877808227,-1.3731221991276532,0.01500333335275026,0.044374265594151197,0.02690160574400359,6825,"tags=42%, list=36%, signal=27%",RPS9/RPS2/RPL23A/RPL6/RPL23/RPL17/MAPK3/C1S/HBEGF/C1QB/C1QC/MX1/RPS16/MYD88/RPL32/IRAK1/RPL35/RPS15/PIK3CB/RPSA/RPL11/C8A/RPLP2/C7/RPL18/RPS11/RPL19/MASP1/RPL12/ADAM17/PLCG2/RPL18A/RPL4/C1R/RPS8/RPL13A/RPS3/IL6R/TNFRSF1A/RPL28/NFKBIB/IRAK4/RPS20/MAPK9/MAPK1/IFNAR1/RPL37A/TBK1/RPS6/RPL37/MAVS/RPL8/IKBKB/F2/STAT2/TNF/CHUK/PRKCA/RPS24/MAPK13/IRF9/TAB2/RPS10-NUDT3/RPL22/ADAR/NFKB1/MAPK14/IKBKE/STAT1/CCL2/MAP3K7/TRAF6/CASP1/RELA/FCGR2A/NFKBIA/CFB/JUN/C5AR1/FOS/TLR2/IL1B/IFNAR2/STAT3,-1.3731221991276532,NA,NA
hsa05140,Leishmaniasis,71,-0.4322493827668105,-1.5287917024534383,0.015943786623919768,0.04675950867015125,0.028347643621476105,2973,"tags=42%, list=16%, signal=36%",NFKBIB/IRAK4/HLA-DQA1/ITGB1/MAPK1/HLA-DOB/TNF/MAPK13/TAB2/HLA-DRB1/NOS2/NCF2/NFKB1/MAPK14/FCGR3B/CR1/FCGR1A/STAT1/MAP3K7/FCGR3A/TRAF6/IL1A/RELA/FCGR2A/NFKBIA/TGFB3/JUN/FOS/TLR2/IL1B,-1.5287917024534383,NA,NA
hsa05207,Chemical carcinogenesis - receptor activation,165,-0.335953614424354,-1.3336519743250497,0.016396812507333734,0.04768739637549561,0.028910169420825266,3371,"tags=27%, list=18%, signal=23%",DLL1/PPARA/GNAI2/AKT2/FGF22/PRKCA/XIAP/MYC/ADCY5/ATF2/KPNA6/BCL2/NR1I3/ADCY9/SOS1/FGF18/GNAI3/CREB5/KPNA4/HSP90AA1/GSTO1/NFKB1/RAF1/RPS6KA3/IKBKE/RPS6KB1/STAT5A/ARRB1/CREB3L2/RELA/GRB2/ADCY3/EIF4EBP1/GSTA4/JUN/GSTO2/KPNA3/PTGES3/STAT5B/FOS/GNAI1/BCL6/VEGFA/AHR/STAT3,-1.3336519743250497,NA,NA
hsa05164,Influenza A,147,-0.35106099625891507,-1.3745804801524832,0.01825829574231557,0.05266235714105896,0.03192620656116076,4126,"tags=33%, list=22%, signal=26%",MAPK1/IFNAR1/CYCS/NXF2B/CDK6/IRF7/TBK1/MAP2K1/MAVS/HLA-DOB/TNFRSF10B/IKBKB/CASP9/STAT2/TNF/CHUK/AKT2/ACTB/CPSF4/APAF1/PRKCA/IRF9/TRADD/HLA-DRB1/ADAR/KPNA6/EP300/BCL2L2-PABPN1/DNAJC3/HNRNPUL1/TNFRSF10A/XPO1/NFKB1/RAF1/ICAM1/IKBKE/STAT1/CCL2/EIF2S1/IL1A/CASP1/RELA/SOCS3/NFKBIA/NUP98/CALCOCO2/DNAJB1/IL1B/IFNAR2,-1.3745804801524832,NA,NA
hsa04622,RIG-I-like receptor signaling pathway,55,-0.43326541670561836,-1.466530438090963,0.019189846339932922,0.05482298791430498,0.033236074712035296,4487,"tags=44%, list=24%, signal=33%",NFKBIB/MAPK9/SIKE1/IRF7/TBK1/MAVS/IKBKB/TNF/CHUK/MAPK13/TRADD/TANK/ADAR/ATG5/DDX3X/NFKB1/MAPK14/RIPK1/IKBKE/MAP3K7/TRAF6/ZNFX1/RELA/NFKBIA,-1.466530438090963,NA,NA
hsa04810,Regulation of actin cytoskeleton,213,-0.32128825811937756,-1.3052245723554423,0.01932156880647425,0.05482298791430498,0.033236074712035296,3721,"tags=28%, list=20%, signal=22%",ARPC1A/ROCK1/CFL2/MAP2K1/ITGA2B/BRAF/PPP1CC/NCKAP1/F2/AKT2/ACTB/RAC2/WASL/FGF22/CRKL/ARPC2/RGCC/ARPC5/ITGAV/TIAM1/MYLK/FGF1/SCIN/SOS1/ITGA8/FGF18/SSH2/PIKFYVE/GNA13/GSN/PIP5K1A/RAF1/PAK4/PPP1R12B/ITGA2/GIT1/GNA12/ACTR3/ACTN4/PPP1CB/PDGFA/PTK2/LIMK2/SPATA13/ENAH/FGFR2/MSN/ITGB3/CHRM5/BCAR1/ARHGEF7/IQGAP1/APC2/ITGB4/PXN/ITGB8/PAK2/DOCK1/PIP4K2A,-1.3052245723554423,NA,NA
hsa05213,Endometrial cancer,58,-0.4363226620744246,-1.4876601718931566,0.01954107480871705,0.05499867022776008,0.03334258095545099,4126,"tags=34%, list=22%, signal=27%",MAPK1/DDB2/CTNNB1/MAP2K1/BRAF/CASP9/AKT2/CTNNA3/GADD45A/MYC/GSK3B/SOS1/PTEN/RAF1/POLK/GRB2/CDKN1A/APC2/CTNNA1/GADD45B,-1.4876601718931566,NA,NA
hsa04935,"Growth hormone synthesis, secretion and action",109,-0.3670859999994185,-1.3865447754608702,0.020256954890902658,0.05655741805540022,0.03428756154165418,3211,"tags=29%, list=17%, signal=24%",GNAI2/AKT2/PRKCA/MAPK13/IRS2/CRKL/ADCY5/ATF2/GSK3B/EP300/ADCY9/SOS1/GNAI3/CREB5/MAPK14/RAF1/STAT1/STAT5A/CREB3L2/GRB2/JUNB/ADCY3/SOCS3/PTK2/MAP2K3/STAT5B/FOS/BCAR1/SHC2/MAP2K4/GNAI1/STAT3,-1.3865447754608702,NA,NA
hsa01240,Biosynthesis of cofactors,128,-0.3500614146433771,-1.3526624945860615,0.022020569101165784,0.060993481081800464,0.03697689548316059,2107,"tags=16%, list=11%, signal=14%",AK2/GPHN/EARS2/SHMT2/FECH/CTPS2/CPOX/MTHFD2/PDXK/AK3/AK7/ALAS1/GCH1/GCLC/PMM2/MMAB/MAT2A/BCAT1/SHMT1/ALDH3A2,-1.3526624945860615,NA,NA
hsa04980,Cobalamin transport and metabolism,17,-0.5958326001678259,-1.578450843439984,0.02436384556837462,0.06636868189429987,0.040235575511248,3627,"tags=35%, list=19%, signal=29%",MTRR/MMUT/ZNF143/LMBRD1/ABCD4/MMAB,-1.578450843439984,NA,NA
hsa00564,Glycerophospholipid metabolism,94,-0.3829424276671291,-1.422622267731512,0.024448592490500194,0.06636868189429987,0.040235575511248,3859,"tags=34%, list=21%, signal=27%",LCLAT1/LPCAT3/MBOAT1/PLPP2/PLPP3/PLA2G4D/ETNK1/PLA2G1B/PLA2G4B/DGKG/GPCPD1/DGKI/PCYT1A/GPAT3/PLPP4/DGKZ/GNPAT/GPD2/AGPAT4/PLA2G2C/CHKA/PLA2G12A/MBOAT7/AGPAT3/AGPAT5/GPAT4/CRLS1/CDS2/PLAAT3/PGS1/MBOAT2/SGMS1,-1.422622267731512,NA,NA
hsa01230,Biosynthesis of amino acids,63,-0.40550220177520324,-1.4128729396928776,0.024531690442305683,0.06636868189429987,0.040235575511248,5167,"tags=43%, list=28%, signal=31%",ALDH18A1/PGAM2/GAPDH/ACO1/CPS1/SDSL/RPE/ACO2/TKT/IDH3A/GOT2/PRPS2/CBS/RPIA/PFKP/PKM/SHMT2/PC/TPI1/PFKL/ENO2/ENO1/GLUL/MAT2A/PGK1/BCAT1/SHMT1,-1.4128729396928776,NA,NA
hsa03010,Ribosome,127,-0.35306950974658824,-1.365233950337331,0.02590663645576942,0.06954935479279636,0.04216383747052351,8478,"tags=56%, list=45%, signal=31%",MRPL21/MRPL4/RSL24D1/RPL5/RPL3/RPLP0/RPL31/RPL13/RPS18/RPS23/MRPL19/MRPS14/RPS5/RPS7/RPL27A/RPLP1/MRPL23/MRPS18A/RPL14/UBA52/RPS19/RPL38/RPS14/MRPL18/RPS9/MRPL10/RPS2/RPL23A/RPL6/RPL23/MRPL28/RPL17/RPS16/MRPS16/RPL32/MRPS12/RPL35/RPS15/RPSA/RPL11/MRPL12/RPLP2/MRPS10/RPL18/RPS11/MRPL14/RPL19/RPL12/RPL18A/MRPL35/RPL4/RPS8/RPL13A/MRPS18C/MRPL17/RPS3/MRPL13/RPL28/RPS20/MRPL22/MRPL1/RPL37A/RPS6/MRPS5/RPL37/RPL8/RPS24/RPS10-NUDT3/RPL22/MRPS11/MRPL3,-1.365233950337331,NA,NA
hsa00650,Butanoate metabolism,24,0.5224430778107538,1.538985319049767,0.026172067858519683,0.06972558536353717,0.042270676091301376,3174,"tags=38%, list=17%, signal=31%",ACSM5/ACSM6/ACSM3/ALDH5A1/GAD2/HMGCLL1/EHHADH/GAD1/BDH1,1.538985319049767,NA,NA
hsa05321,Inflammatory bowel disease,57,-0.4199912752385034,-1.4330204940641744,0.02645916753083738,0.06995643536562307,0.042410627381964223,1565,"tags=19%, list=8%, signal=18%",NFKB1/STAT1/IL1A/RELA/IL4R/TGFB3/JUN/NOD2/TLR2/IL1B/STAT3,-1.4330204940641744,NA,NA
hsa04928,"Parathyroid hormone synthesis, secretion and action",106,-0.3701808393307228,-1.389068687605969,0.029884020034265043,0.07841746610495112,0.047540071443508296,4333,"tags=37%, list=23%, signal=28%",FGFR1/PLD1/MEF2D/NACA/MAPK1/STK39/GNAQ/MAP2K1/BRAF/WNK3/NR4A2/GNAI2/PRKCA/ADCY5/ATF2/BCL2/MAFB/ADCY9/GNAI3/GNA13/CREB5/GCM1/PDE4B/SP1/RUNX2/JUND/RAF1/WNK1/ARRB1/GNA12/TRPV5/CREB3L2/ADCY3/EGR1/FOS/CDKN1A/OXSR1/GNAI1/SGK1,-1.389068687605969,NA,NA
hsa04630,JAK-STAT signaling pathway,127,-0.34770005042148683,-1.3444715566351808,0.030777860584122855,0.07956646921376945,0.04823664699733875,2406,"tags=21%, list=13%, signal=19%",BCL2/OSM/STAM2/EP300/SOS1/STAM/RAF1/IL27/STAT1/STAT5A/GRB2/IL10RB/CISH/SOCS3/PDGFA/SOCS4/IL4R/PTPN11/MCL1/JAK3/STAT5B/BCL2L1/CDKN1A/PIM1/IFNAR2/PTPN2/STAT3,-1.3444715566351808,NA,NA
hsa05206,MicroRNAs in cancer,158,-0.33467528850000694,-1.324074399715459,0.030634183874726478,0.07956646921376945,0.04823664699733875,4311,"tags=33%, list=23%, signal=26%",MTOR/BRCA1/ITGA5/MAPK1/CYP1B1/RPS6KA5/CDK6/THBS1/CRK/MDM4/DNMT1/ROCK1/MAP2K1/IKBKB/CDKN1B/BMI1/PRKCA/IRS2/UBE2I/CRKL/MYC/CDKN2A/BCL2/EP300/RECK/SOS1/ZEB2/PTEN/HNRNPK/GLS/ERBB3/CD44/NFKB1/RAF1/PAK4/GRB2/SLC45A3/PDGFA/SLC7A1/MCL1/RPTOR/DDIT4/CDKN1A/ITGB3/APC2/EFNA1/HMOX1/HDAC4/VEGFA/PIM1/DICER1/STAT3,-1.324074399715459,NA,NA
hsa04664,Fc epsilon RI signaling pathway,59,-0.4212838460090204,-1.4454446226597806,0.031404673683205236,0.08058993467234285,0.04885711617898028,4739,"tags=39%, list=25%, signal=29%",GAB2/AKT1/MAPK9/MAPK1/LCP2/MAP2K1/PLA2G4D/FCER1G/TNF/AKT2/RAC2/PRKCA/PLA2G4B/MAPK13/ALOX5/FYN/SOS1/MAPK14/RAF1/ALOX5AP/GRB2/MAP2K3/MAP2K4,-1.4454446226597806,NA,NA
hsa00280,"Valine, leucine and isoleucine degradation",47,-0.456135763338926,-1.4932999161087452,0.03201593576559469,0.08155884366563902,0.04944451086350005,3377,"tags=43%, list=18%, signal=35%",IL4I1/DBT/ACSF3/HMGCS1/HADHB/ACAT1/MCEE/IVD/MCCC1/OXCT1/AUH/MMUT/HIBCH/PCCA/PCCB/BCKDHB/ALDH6A1/ACADSB/BCAT1/ALDH3A2,-1.4932999161087452,NA,NA
hsa00340,Histidine metabolism,21,-0.5414720097183264,-1.520434150728608,0.033725028250804936,0.08529010767776031,0.051706565052721525,1156,"tags=33%, list=6%, signal=31%",CNDP2/ALDH3B1/CARNMT1/ASPA/ALDH3A1/CNDP1/ALDH3A2,-1.520434150728608,NA,NA
hsa00430,Taurine and hypotaurine metabolism,15,0.5913552952734096,1.5240023809931842,0.034590242332089335,0.0868488818266128,0.05265156159598603,2980,"tags=47%, list=16%, signal=39%",FMO5/FMO3/GAD2/CDO1/GAD1/GADL1/FMO2,1.5240023809931842,NA,NA
hsa03420,Nucleotide excision repair,59,-0.4136682764627884,-1.4193152465790826,0.038822961881124655,0.09678009783223218,0.0586722957752335,6990,"tags=56%, list=37%, signal=35%",POLR2A/GTF2H3/POLR2H/RPA2/RFC1/PCNA/POLR2M/RBX1/CDK7/XPC/POLR2D/ERCC8/POLR2B/MNAT1/POLD3/XPA/POLD1/ERCC4/DDB2/POLD2/POLR2F/GTF2H2/DDB1/GTF2H2C/GTF2H5/RAD23B/RFC2/ERCC3/RPA1/GTF2H1/POLE/CCNH/CUL4A,-1.4193152465790826,NA,NA
hsa03020,RNA polymerase,30,-0.47995828076645697,-1.4460101026253167,0.03973798118472018,0.09835854917352725,0.0596292214865902,7133,"tags=60%, list=38%, signal=37%",POLR1D/POLR3C/POLR2A/CRCP/POLR2H/POLR3D/POLR1B/POLR2M/POLR3E/POLR1C/POLR1E/POLR2D/POLR2B/POLR3B/POLR1A/POLR3G/POLR2F/POLR3A,-1.4460101026253167,NA,NA
hsa04216,Ferroptosis,39,-0.44238793123157455,-1.4157553720941924,0.040983606557377046,0.10072731470791964,0.06106526996317855,5404,"tags=51%, list=29%, signal=37%",PCBP1/ATG7/ALOX15/TP53/SAT1/GCLM/SLC3A2/MAP1LC3A/LPCAT3/STEAP3/MAP1LC3B/ATG5/PCBP2/SLC39A14/GCLC/SLC11A2/ACSL4/TFRC/HMOX1/ACSL1,-1.4157553720941924,NA,NA
hsa00561,Glycerolipid metabolism,56,-0.4088330104649693,-1.388785270467527,0.041295729563723876,0.1007846826415359,0.06110004889443135,4079,"tags=32%, list=22%, signal=25%",AGK/LCLAT1/MBOAT1/PLPP2/PLPP3/DGKG/GLA/DGKI/GPAT3/PLPP4/DGKZ/AGPAT4/AGPAT3/AGPAT5/GPAT4/GK/MBOAT2/ALDH3A2,-1.388785270467527,NA,NA
hsa00860,Porphyrin metabolism,28,-0.4866291599009865,-1.4406684340232172,0.04230118443316413,0.10242112986060162,0.0620921342240414,1935,"tags=21%, list=10%, signal=19%",EARS2/FECH/CPOX/ALAS1/MMAB/HMOX1,-1.4406684340232172,NA,NA
hsa05216,Thyroid cancer,37,-0.4562893753256304,-1.4387820146677408,0.0425531914893617,0.10242112986060162,0.0620921342240414,4126,"tags=41%, list=22%, signal=32%",MAPK1/DDB2/CTNNB1/MAP2K1/BRAF/GADD45A/MYC/TPM3/CCDC6/TPR/PPARG/POLK/TFG/CDKN1A/GADD45B,-1.4387820146677408,NA,NA
hsa00500,Starch and sucrose metabolism,31,-0.4734346496856069,-1.4342616510491202,0.04745762711864407,0.11344323194799165,0.06877421089291606,1627,"tags=23%, list=9%, signal=21%",GPI/MGAM/HK1/GBE1/PYGL/GYS1/HK2,-1.4342616510491202,NA,NA
hsa04920,Adipocytokine signaling pathway,68,-0.3894684289757003,-1.3688370048745042,0.04862236628849271,0.11468002957364658,0.06952401129332819,4838,"tags=43%, list=26%, signal=32%",CPT1B/AKT1/TNFRSF1A/TNFRSF1B/CD36/NFKBIB/MTOR/MAPK9/PRKAG1/POMC/IKBKB/TNF/PPARA/CHUK/AKT2/IRS2/TRADD/PRKAB2/NFKB1/APPL1/RELA/SLC2A1/SOCS3/NFKBIA/PTPN11/ACSL4/ADIPOR2/ACSL1/STAT3,-1.3688370048745042,NA,NA
hsa04613,Neutrophil extracellular trap formation,102,-0.3538138040383705,-1.3274341234541835,0.0486322188449848,0.11468002957364658,0.06952401129332819,3783,"tags=30%, list=20%, signal=24%",GP1BA/MAP2K1/ITGA2B/CLCN3/AKT2/ACTB/RAC2/PRKCA/MAPK13/HDAC3/NCF2/HDAC7/PPIF/FPR1/NFKB1/MAPK14/FCGR3B/RAF1/CR1/FCGR1A/MAP3K7/FCGR3A/CASP4/CASP1/RELA/FCGR2A/C5AR1/ITGB3/HDAC4/TLR2/SIGLEC9,-1.3274341234541835,NA,NA
hsa05120,Epithelial cell signaling in Helicobacter pylori infection,66,-0.38846107027228655,-1.3648255947672159,0.05016181229773463,0.11670981661272924,0.07075455629364674,5160,"tags=41%, list=27%, signal=30%",ADAM17/PLCG2/CDC42/ATP6V0D1/PAK1/MAPK9/ATP6V1E1/ATP6V0E2/ATP6V1A/ATP6V1C1/IKBKB/CHUK/ATP6V0A2/MAPK13/MAP3K14/F11R/ATP6V0A1/NFKB1/MAPK14/TJP1/GIT1/RELA/NFKBIA/PTPN11/JUN/JAM3/MAP2K4,-1.3648255947672159,NA,NA
hsa04911,Insulin secretion,79,0.34329739049619934,1.3225834934324925,0.05011562897576433,0.11670981661272924,0.07075455629364674,3587,"tags=33%, list=19%, signal=27%",ATP1A2/KCNMA1/KCNMB2/PRKCG/RIMS2/PLCB1/CREB3L1/ATP1A3/CACNA1D/CAMK2G/CHRM3/CAMK2B/CACNA1C/ADCYAP1R1/KCNN1/PLCB4/PLCB2/KCNMB3/KCNN3/PCLO/SNAP25/CREB3L4/SLC2A2/ADCY2/ADCY1/KCNJ11,1.3225834934324925,NA,NA
hsa01040,Biosynthesis of unsaturated fatty acids,26,-0.5050620299692349,-1.4740094126897278,0.051905111009731386,0.11996611749931294,0.07272866722172192,3352,"tags=35%, list=18%, signal=28%",HACD1/ACOT7/ELOVL7/ACOT1/SCD5/HACD2/FADS1/TECR/ELOVL5,-1.4740094126897278,NA,NA
hsa00410,beta-Alanine metabolism,31,-0.46817634101564043,-1.4183317006753562,0.05254237288135593,0.12005503955968351,0.07278257563413178,4392,"tags=42%, list=23%, signal=32%",AOC3/ACOX1/CNDP2/ALDH3B1/CSAD/SMOX/HIBCH/ALDH6A1/AOC2/ALDH3A1/DPYD/CNDP1/ALDH3A2,-1.4183317006753562,NA,NA
hsa04213,Longevity regulating pathway - multiple species,57,-0.3963632997624207,-1.3524012643641186,0.05263157894736842,0.12005503955968351,0.07278257563413178,6766,"tags=58%, list=36%, signal=37%",PRKAA2/FOXO3/PRKAA1/NRAS/KRAS/PRKAB1/PIK3CB/IRS4/PRKACA/HDAC1/PRKACB/ADCY4/HSPA1L/AKT1/INSR/MTOR/PRKAG1/SOD2/CRYAB/AKT2/IRS2/ADCY5/HSPA6/CLPB/ATG5/ADCY9/PRKAB2/FOXO1/RPS6KB1/ADCY3/RPTOR/HSPA1B/HSPA1A,-1.3524012643641186,NA,NA
hsa04392,Hippo signaling pathway - multiple species,27,-0.508026531253135,-1.4963031610404887,0.0576794866413118,0.13071520024557026,0.07924522771636139,3383,"tags=41%, list=18%, signal=33%",LATS1/CSNK1E/WWTR1/LATS2/SAV1/LIMD1/TEAD4/TEAD3/RASSF4/RASSF2/STK3,-1.4963031610404887,NA,NA
hsa01212,Fatty acid metabolism,55,-0.39550189506639183,-1.3387072798187643,0.058823529411764705,0.13244781783681214,0.08029561569959053,875,"tags=15%, list=5%, signal=14%",SCD5/ACADSB/HACD2/FADS1/ACSL4/TECR/ACSL1/ELOVL5,-1.3387072798187643,NA,NA
hsa04670,Leukocyte transendothelial migration,102,-0.3472047375687659,-1.3026383120533978,0.06231003039513678,0.13939872184553037,0.08450955539421386,3330,"tags=31%, list=18%, signal=26%",CTNNB1/ROCK1/RASSF5/CD99/GNAI2/ACTB/CTNNA3/RAC2/RAP1B/PRKCA/MAPK13/F11R/NCF2/VASP/GNAI3/RAPGEF3/MAPK14/ICAM1/CLDN15/AFDN/ACTN4/PTK2/PTPN11/ARHGAP5/RAP1A/MSN/JAM3/BCAR1/GNAI1/CLDN11/PXN/CTNNA1,-1.3026383120533978,NA,NA
hsa01524,Platinum drug resistance,66,-0.379627490847822,-1.3337895496791776,0.06472491909385113,0.14387896027868818,0.08722567038460662,5121,"tags=39%, list=27%, signal=29%",POLH/TP53/BIRC3/AKT1/ATP7B/BIRC2/REV3L/BRCA1/XPA/MAPK1/CYCS/TOP2A/CASP9/AKT2/APAF1/XIAP/CDKN2A/BCL2/GSTO1/ABCC2/GSTA4/GSTO2/SLC31A1/PMAIP1/BCL2L1/CDKN1A,-1.3337895496791776,NA,NA
hsa03050,Proteasome,45,-0.414356885123529,-1.3470220470395955,0.06700167504187604,0.14706656974600466,0.08915813759296316,6962,"tags=60%, list=37%, signal=38%",PSME2/PSMD14/PSME1/PSMA5/PSMA6/PSMD8/PSMB8/PSME3/PSMD4/PSMA2/PSMB1/POMP/PSMC6/PSMA7/PSMD12/PSMC2/PSMD3/PSMD1/SEM1/PSMB7/PSMD9/PSMB2/PSME4/PSMD13/PSMD11/PSMF1/PSMB9,-1.3470220470395955,NA,NA
hsa04970,Salivary secretion,75,0.33181475560560847,1.262731987764984,0.06666666666666667,0.14706656974600466,0.08915813759296316,3754,"tags=35%, list=20%, signal=28%",ATP1A2/GUCY1A1/KCNMA1/PRKCG/PLCB1/ADRB1/ATP1A3/ADRB2/CST3/CHRM3/PRH2/ATP2B2/RYR3/ITPR2/PLCB4/PRKG1/PLCB2/PRB1/AQP5/PRKG2/CD38/NOS1/ADRA1B/ADCY2/ADCY1/ADRA1D,1.262731987764984,NA,NA
hsa04724,Glutamatergic synapse,109,0.3102036250238238,1.260072251910942,0.06745743129930665,0.14714152202161263,0.0892035769155305,2585,"tags=27%, list=14%, signal=23%",GRIN1/DLGAP1/PRKCG/GLS2/SLC1A2/PLCB1/GNG3/GRIN2B/GRIK2/GRIA1/CACNA1D/NCDN/GRIK1/SLC1A6/GRM7/GRM5/SLC17A8/GRM4/CACNA1C/GRM3/GRM1/GRK3/HOMER2/ITPR2/PLCB4/GNB4/PLCB2/SHANK2/GRM8,1.260072251910942,NA,NA
hsa05208,Chemical carcinogenesis - reactive oxygen species,210,-0.30344360645756374,-1.2332537529006025,0.07194244604316546,0.15594977434201707,0.09454352176970421,4437,"tags=25%, list=24%, signal=19%",UQCRC2/SLC26A9/KEAP1/PLD1/MAPK9/MAPK1/NDUFV2/SLC26A6/CYP1B1/MAP2K1/IKBKB/BRAF/SOD2/NOX4/NDUFS4/CHUK/NDUFA9/AKT2/MAPK13/MAP3K14/ABL2/NDUFS1/PRKD3/SOS1/NCF2/NDUFS2/SDHC/PTEN/GSTO1/PPIF/NFKB1/MAPK14/RAF1/NDUFB6/RELA/GRB2/GSTA4/NFKBIA/PTK2/PTPN11/JUN/GSTO2/PTPN1/FOS/NFE2L2/SDHA/HIF1A/MAP2K4/HMOX1/VEGFA/PTPRJ/AHR,-1.2332537529006025,NA,NA
hsa04024,cAMP signaling pathway,200,0.27110480361263795,1.20414866679572,0.0726335919510602,0.15647607154888893,0.0948625859789675,2366,"tags=22%, list=13%, signal=19%",ATP1A2/CRH/GRIN1/PDE4D/BDNF/ADORA2A/GLI3/CREB3L1/TSHR/CAMK4/GRIN2B/ADRB1/CFTR/ATP1A3/GRIA1/CACNA1D/CAMK2G/CHRM1/FXYD1/CNGB3/ABCC4/PDE4A/KCNK2/ADRB2/CNGA1/FSHR/CAMK2B/SSTR1/CACNA1C/ATP2B2/HTR6/PIK3R3/GABBR1/DRD1/ADCYAP1R1/PLN/HTR1E/NPPA/HTR4/CHRM2/PDE3A/MAPK10/GABBR2/VIP,1.20414866679572,NA,NA
hsa04728,Dopaminergic synapse,123,-0.32940647249603583,-1.2649822774317754,0.07396449704142012,0.15836570225432897,0.09600816212673842,4024,"tags=37%, list=21%, signal=30%",GSK3A/GNAQ/PPP2R5C/SLC18A1/GNB2/PPP3CC/KCNJ9/GRIN2A/GNG10/PPP1CC/PPP2R5B/CALM1/PPP2R5A/PPP2R1A/GNAI2/AKT2/PRKCA/MAPK13/PPP2CA/ADCY5/ATF2/GNG7/GSK3B/GNB1/PPP2CB/PPP2R1B/PPP2R3A/GNAI3/CREB5/PPP2R2D/MAPK14/CALM2/PPP2R5E/KIF5B/ARRB1/CREB3L2/PPP2R3C/KIF5C/PPP1CB/CAMK2D/FOS/PPP2R2A/GNAI1/GNB3/CALML6/GNAO1,-1.2649822774317754,NA,NA
hsa04640,Hematopoietic cell lineage,81,-0.3519960370762963,-1.2704856860407259,0.07886435331230283,0.16782719089020542,0.10174412718724564,2313,"tags=21%, list=12%, signal=18%",CD9/CR2/CD1D/CD44/CR1/FCGR1A/ITGA2/IL1A/CSF1/CD59/CD14/IL4R/CD22/TFRC/ITGB3/IL1B/CD55,-1.2704856860407259,NA,NA
hsa00630,Glyoxylate and dicarboxylate metabolism,28,-0.46064465603149307,-1.363741160478512,0.07952622673434856,0.1678691678691679,0.101769575453786,3377,"tags=46%, list=18%, signal=38%",ACO2/GRHPR/ACAT1/MCEE/AFMID/MMUT/PCCA/ACSS2/PCCB/SHMT2/GLDC/GLUL/SHMT1,-1.363741160478512,NA,NA
hsa04975,Fat digestion and absorption,30,-0.4490751755702844,-1.3529660112872286,0.08080808080808081,0.1678691678691679,0.101769575453786,4493,"tags=47%, list=24%, signal=36%",PLPP1/AGPAT2/CD36/NPC1L1/PLPP2/PLPP3/GOT2/ACAT1/SLC27A1/PLA2G1B/SCARB1/PLA2G2C/PLA2G12A/SLC27A4,-1.3529660112872286,NA,NA
hsa00010,Glycolysis / Gluconeogenesis,59,-0.3807143981512873,-1.3062489454322683,0.0805921052631579,0.1678691678691679,0.101769575453786,2556,"tags=27%, list=14%, signal=24%",PFKP/PKM/ACSS2/DLAT/GPI/TPI1/HK1/PFKL/ENO2/LDHC/LDHA/ALDH3A1/ENO1/HK2/PGK1/ALDH3A2,-1.3062489454322683,NA,NA
hsa05323,Rheumatoid arthritis,80,-0.3525127992201524,-1.2703448400277562,0.08031496062992126,0.1678691678691679,0.101769575453786,1570,"tags=15%, list=8%, signal=14%",ATP6V0A1/ICAM1/CCL3/CCL2/IL1A/CSF1/TGFB3/JUN/FOS/TLR2/VEGFA/IL1B,-1.2703448400277562,NA,NA
hsa04662,B cell receptor signaling pathway,73,-0.3613150637610146,-1.2846222672364673,0.08227848101265822,0.16991236611489777,0.10300825090964998,3688,"tags=30%, list=20%, signal=24%",MAP2K1/PPP3CC/DAPP1/IKBKB/CHUK/AKT2/RAC2/PIK3AP1/MALT1/GSK3B/NFATC3/SOS1/CR2/NFKB1/RAF1/RELA/GRB2/LILRB3/NFKBIA/JUN/CD22/FOS,-1.2846222672364673,NA,NA
hsa04972,Pancreatic secretion,87,0.31524682759994815,1.2413590478059509,0.08310249307479224,0.17060452990060287,0.10342787063797673,3581,"tags=28%, list=19%, signal=22%",ATP1A2/CLCA4/RAB27B/KCNMA1/PRSS3/PRKCG/PLCB1/SLC4A4/CFTR/ATP1A3/CPB2/CHRM3/ATP2B2/CTRB2/ITPR2/PLCB4/PLCB2/RAB11A/PLA2G5/CD38/CLCA1/ATP2A3/ADCY2/ADCY1,1.2413590478059509,NA,NA
hsa01523,Antifolate resistance,29,-0.4424550899471397,-1.3225631856615583,0.0945945945945946,0.1909544190972069,0.11576485669895517,3579,"tags=38%, list=19%, signal=31%",IKBKB/DHFR2/TNF/CHUK/ABCC5/SHMT2/NFKB1/RELA/ABCC2/IL1B/SHMT1,-1.3225631856615583,NA,NA
hsa00520,Amino sugar and nucleotide sugar metabolism,38,-0.40434610440799174,-1.2883658148841075,0.0943089430894309,0.1909544190972069,0.11576485669895517,4294,"tags=37%, list=23%, signal=28%",GFPT1/UGP2/UAP1L1/GALK1/GNPDA2/GALK2/UAP1/HEXB/GPI/HK1/GFPT2/PGM3/PMM2/HK2,-1.2883658148841075,NA,NA
hsa04382,Cornified envelope formation,117,-0.3257666112647819,-1.2387207323264238,0.09465648854961832,0.1909544190972069,0.11576485669895517,3447,"tags=26%, list=18%, signal=21%",PPP2R5B/PPP2R5A/PPP2R1A/KDSR/S100A9/SLC27A1/S100A11/PPP2CA/ABHD5/CERS3/PPP2CB/PPP2R1B/SPTLC1/JUP/PPP2R3A/PPP2R2D/COL4A1/CLDN15/S100A6/TJP1/SLC27A4/PPP2R5E/PPP2R3C/UGCG/COL4A2/KAZN/PPP2R2A/CLDN11/PCSK6/ITGB4,-1.2387207323264238,NA,NA
hsa04964,Proximal tubule bicarbonate reclamation,22,0.47475174301064915,1.3800656184043667,0.09692671394799054,0.19441047797614194,0.11786006959193042,953,"tags=23%, list=5%, signal=22%",ATP1A2/GLS2/PCK1/SLC4A4/ATP1A3,1.3800656184043667,NA,NA
hsa04015,Rap1 signaling pathway,198,-0.2983753643908749,-1.2046988430942749,0.09957325746799431,0.19857752489331434,0.12038631429213147,4165,"tags=33%, list=22%, signal=26%",ITGB1/MAPK1/RRAS/NGF/LCP2/GNAQ/THBS1/CRK/CTNNB1/MAP2K1/RASSF5/GRIN2A/ITGA2B/BRAF/CALM1/RAPGEF5/NGFR/GNAI2/SIPA1L2/AKT2/ACTB/RAC2/RAP1B/FGF22/PRKCA/MAPK13/CRKL/ADCY5/PARD6G/RAPGEF2/KRIT1/KDR/PRKD3/TIAM1/FGF1/ADCY9/VASP/FGF18/EPHA2/GNAI3/SIPA1L3/RAPGEF3/RAPGEF6/FPR1/MAPK14/RAF1/CALM2/CSF1/AFDN/ARAP3/ADCY3/PDGFA/PRKCZ/MAP2K3/ENAH/VEGFD/FGFR2/RAP1A/ITGB3/BCAR1/GNAI1/EFNA1/CALML6/GNAO1/VEGFA/RALGDS,-1.2046988430942749,NA,NA
hsa04211,Longevity regulating pathway,85,-0.34313334904795784,-1.2433715423160554,0.10047846889952153,0.1992442366246194,0.12079050388040567,3161,"tags=27%, list=17%, signal=23%",AKT2/SESN1/IRS2/ADCY5/ATF2/EHMT1/ATG13/ATG5/ADCY9/EIF4E/CREB5/PRKAB2/FOXO1/NFKB1/APPL1/RPS6KB1/CREB3L2/RELA/PPARG/ADCY3/EIF4EBP1/RPTOR/ADIPOR2,-1.2433715423160554,NA,NA
hsa00600,Sphingolipid metabolism,50,-0.38042230770189317,-1.271166142839314,0.10149750415973377,0.20012784718501178,0.12132618695275937,3687,"tags=34%, list=20%, signal=27%",PLPP2/PLPP3/ACER3/CERS4/KDSR/GLB1/GALC/UGT8/GLA/HEXB/CERS3/SPTLC1/NEU3/CERS5/UGCG/B4GALT5/SGMS1,-1.271166142839314,NA,NA
hsa01521,EGFR tyrosine kinase inhibitor resistance,78,-0.34709835499799513,-1.2494330435078789,0.10268562401263823,0.20133304932815024,0.1220568328003565,3688,"tags=32%, list=20%, signal=26%",MAP2K1/RPS6/BRAF/AKT2/PRKCA/NF1/KDR/BCL2/GSK3B/SOS1/EIF4E/PTEN/ERBB3/GAS6/RAF1/RPS6KB1/GRB2/GAB1/EIF4EBP1/PDGFA/FGFR2/BCL2L1/SHC2/VEGFA/STAT3,-1.2494330435078789,NA,NA
hsa04612,Antigen processing and presentation,62,-0.365510293053256,-1.2693192846171777,0.1053484602917342,0.20540007062466611,0.12452243762798337,4288,"tags=31%, list=23%, signal=24%",HLA-DQA1/CTSB/HSP90AB1/HLA-DOB/TNF/TAPBP/PDIA3/HLA-DRB1/TAP2/HSPA6/NFYA/KLRC1/RFXAP/IFI30/HSP90AA1/KLRD1/TAP1/HSPA1B/HSPA1A,-1.2693192846171777,NA,NA
hsa05022,Pathways of neurodegeneration - multiple diseases,448,-0.2601024288646307,-1.1469856581221283,0.11125319693094629,0.2157075873827792,0.13077130165567372,4126,"tags=26%, list=22%, signal=21%",MAPK1/PSMA7/NDUFV2/CYCS/DCTN5/MAP1LC3A/GNAQ/PSMD12/CTNNB1/TBK1/PSMC2/PSMD3/PSMD1/MAP2K1/PPP3CC/DCTN1/SEM1/SQSTM1/GRIN2A/UBE2J2/PSMB7/RAB8A/ACTR1A/SPG11/C9orf72/BRAF/PPID/CALM1/NOX4/NDUFS4/TUBB/CASP9/TNF/CHMP2B/MAP1LC3B/NDUFA9/PSMD9/WNT11/PSMB2/CSNK1E/RAB39B/ATP2A2/DERL1/WNT8B/APAF1/PRKCA/MAPK13/MAP3K10/IFT57/DNAH12/UBA1/PSMD13/TANK/TUBA1B/WNT5A/ATG13/NDUFS1/TRAP1/DCTN4/UBE2L3/BCL2/PIK3C3/UBE2J1/GSK3B/HTT/NOS2/ATG2B/PIK3R4/NDUFS2/RAB5A/UBC/PSMD11/SDHC/TOMM40/HAP1/UBE2G2/PPIF/XBP1/NFKB1/MAPK14/UBE2G1/RAF1/ALS2/TUBA1A/EIF2AK3/MCU/VAPB/NDUFB6/EIF2S1/MAPT/CALM2/TUBB4A/KIF5B/IL1A/RELA/CSF1/CASP7/CSNK2A1/KIF5C/ATF6/KLC1/RAB1A/MAP2K3/WDR41/CSNK1A1/CAMK2D/AMBRA1/BCL2L1/SDHA/CHRM5/APC2/FZD5/CALML6/IL1B/ATXN1,-1.1469856581221283,NA,NA
hsa00450,Selenocompound metabolism,15,-0.5262061057385926,-1.329825758201495,0.11545293072824156,0.2226136620119133,0.13495806383469935,4046,"tags=33%, list=22%, signal=26%",PAPSS1/KYAT1/TXNRD1/SCLY/KYAT3,-1.329825758201495,NA,NA
hsa00970,Aminoacyl-tRNA biosynthesis,24,-0.4650725069452444,-1.3336295130191185,0.11686143572621036,0.2228668910844121,0.13511158228914744,3513,"tags=29%, list=19%, signal=24%",CARS2/NARS2/GATC/EARS2/FARSB/RARS2/QRSL1,-1.3336295130191185,NA,NA
hsa05226,Gastric cancer,134,-0.3105694222676475,-1.2030483453279934,0.11651917404129794,0.2228668910844121,0.13511158228914744,3169,"tags=22%, list=17%, signal=19%",WNT11/AKT2/CTNNA3/WNT8B/FGF22/GADD45A/MYC/WNT5A/BCL2/GSK3B/FGF1/SOS1/JUP/FGF18/RAF1/RPS6KB1/CDK2/TGFBR1/POLK/GRB2/GAB1/TGFB3/CSNK1A1/FGFR2/CDKN1A/SHC2/APC2/FZD5/CTNNA1/GADD45B,-1.2030483453279934,NA,NA
hsa01250,Biosynthesis of nucleotide sugars,35,-0.41271167228268113,-1.2872797267664835,0.12191103789126853,0.22987370119712167,0.1393594146904583,5036,"tags=46%, list=27%, signal=34%",MPI/CMAS/TGDS/GFPT1/UGP2/UAP1L1/NANS/GALK1/GALK2/UAP1/GPI/HK1/GFPT2/PGM3/PMM2/HK2,-1.2872797267664835,NA,NA
hsa01522,Endocrine resistance,93,-0.32928218817691135,-1.2217862745242152,0.1225114854517611,0.22987370119712167,0.1393594146904583,5405,"tags=39%, list=29%, signal=28%",PRKACB/ADCY4/SHC4/CDK4/TP53/SHC1/AKT1/GNAS/MTOR/MAPK9/MAPK1/CDKN2C/MAP2K1/CDKN1B/BRAF/DLL1/AKT2/MAPK13/ADCY5/CDKN2A/BCL2/CARM1/ADCY9/SOS1/SP1/MAPK14/NCOR1/RAF1/RPS6KB1/GRB2/ADCY3/PTK2/JUN/FOS/CDKN1A/SHC2,-1.2217862745242152,NA,NA
hsa04932,Non-alcoholic fatty liver disease,149,-0.3081382588014748,-1.210760884308032,0.12134502923976608,0.22987370119712167,0.1393594146904583,4724,"tags=28%, list=25%, signal=21%",AKT1/IL6R/TNFRSF1A/INSR/UQCRC2/MAPK9/NDUFV2/CYCS/GSK3A/PRKAG1/IKBKB/NDUFS4/MLXIP/TNF/PPARA/NDUFA9/AKT2/MAPK13/IRS2/NDUFS1/GSK3B/NDUFS2/SDHC/PRKAB2/XBP1/ITCH/NFKB1/MAPK14/EIF2AK3/NDUFB6/EIF2S1/IL1A/RELA/PPARG/SOCS3/CASP7/JUN/FOS/SDHA/IL1B/ADIPOR2,-1.210760884308032,NA,NA
hsa04940,Type I diabetes mellitus,36,0.3891134478200103,1.2746675221540265,0.12594458438287154,0.23505165748461052,0.14249851652663764,2589,"tags=28%, list=14%, signal=24%",HLA-DMB/PTPRN/CPE/GAD2/ICA1/IFNG/IL12A/PTPRN2/CD86/GAD1,1.2746675221540265,NA,NA
hsa04650,Natural killer cell mediated cytotoxicity,97,-0.32689213988864124,-1.2187201746688634,0.12878787878787878,0.23907962604771116,0.1449404458922936,4126,"tags=27%, list=22%, signal=21%",MAPK1/IFNAR1/LCP2/MAP2K1/PPP3CC/TNFRSF10B/BRAF/FCER1G/TNF/RAC2/PRKCA/KLRC1/FYN/SOS1/TNFRSF10A/FCGR3B/RAF1/ICAM1/FCGR3A/KLRD1/SH3BP2/GRB2/NCR3/PTPN11/SHC2/IFNAR2,-1.2187201746688634,NA,NA
hsa04115,p53 signaling pathway,73,-0.3413963504938819,-1.2138031258164965,0.12974683544303797,0.23958542629428703,0.14524708395461228,5293,"tags=44%, list=28%, signal=32%",SERPINE1/CDK4/TP53AIP1/TP53/PPP1R13L/COP1/SESN2/CD82/CYCS/DDB2/CDK6/THBS1/MDM4/TNFRSF10B/CASP9/STEAP3/RCHY1/APAF1/SESN1/GADD45A/SIAH1/CDKN2A/BCL2/PTEN/TNFRSF10A/ATR/CDK2/SHISA5/PMAIP1/BCL2L1/CDKN1A/GADD45B,-1.2138031258164965,NA,NA
